Slug,Company,OpenRoles,SalesRoles,RemotePosture,Functions,Collections,Pulled
10a-labs,10a Labs,1,0,onsite-leaning,other,early-career,2026-09-10
1password,1Password,60,0,remote-first,engineering|marketing|operations|product|sales,backed-by-lightspeed,2026-09-10
3redpartners,3RedPartners,3,0,onsite-leaning,engineering|other|research,early-career,2026-09-10
abb,ABB,87,0,onsite-leaning,design|engineering|marketing|operations|other|product|research|sales,early-career|new-this-week|remote,2026-09-10
abbott,Abbott,44,0,onsite-leaning,engineering|marketing|operations|other,early-career|remote,2026-09-10
abound,Abound,2,0,onsite-leaning,engineering,early-career|london,2026-09-10
abridge,Abridge,39,0,onsite-leaning,design|engineering|marketing|operations|other|product|research,a16z-portfolio|backed-by-bessemer-ventures|backed-by-lightspeed|backed-by-union-square-ventures|health-bio|new-this-week|remote,2026-09-10
abundant,Abundant,7,0,onsite-leaning,engineering|operations|research,yc-f24,2026-09-10
acceldata,Acceldata,4,0,onsite-leaning,engineering|operations|sales,early-career,2026-09-10
accenture,Accenture,10,0,onsite-leaning,engineering|operations,early-career|new-this-week,2026-09-10
accuweather,AccuWeather,2,0,remote-first,marketing|other,early-career|remote|remote-first,2026-09-10
adaptive,Adaptive,11,3,onsite-leaning,engineering|marketing|operations|sales,a16z-portfolio|boston|fintech|new-york,2026-09-10
adaptive-security,Adaptive Security,11,2,onsite-leaning,engineering|operations|sales,a16z-portfolio|backed-by-abstract-ventures|devtools-infra|founding-roles|new-this-week|new-york|remote,2026-09-10
addi,ADDI,32,8,hybrid-friendly,engineering|marketing|operations|other|product|sales,a16z-portfolio|backed-by-union-square-ventures|fintech|new-this-week|remote,2026-09-10
adobe,Adobe,7,0,onsite-leaning,engineering|other|sales,early-career|new-york,2026-09-10
adtran,Adtran,5,0,onsite-leaning,other,early-career,2026-09-10
adyen,Adyen,221,0,onsite-leaning,design|engineering|marketing|operations|other|product|research|sales,backed-by-index-ventures,2026-09-10
affirm,Affirm,200,0,remote-first,design|engineering|marketing|operations|other|product|sales,backed-by-khosla-ventures,2026-09-10
afterquery,AfterQuery,34,0,onsite-leaning,engineering|marketing|operations|research|sales,yc-w25,2026-09-10
agentmail,AgentMail,6,0,onsite-leaning,engineering|marketing|sales,backed-by-general-catalyst|yc-s25,2026-09-10
aghanim,Aghanim,27,0,hybrid-friendly,design|engineering|marketing|operations|other,games-entertainment|los-angeles|remote|speedrun-companies,2026-09-10
air-liquide,Air Liquide,11,0,onsite-leaning,engineering|marketing|other,early-career,2026-09-10
air-space-intelligence,Air Space Intelligence,29,0,onsite-leaning,engineering|marketing|operations|other,a16z-portfolio|boston|defense|new-this-week|remote,2026-09-10
airbound,Airbound,8,0,onsite-leaning,design|marketing|operations|other,backed-by-lightspeed,2026-09-10
airgarage,AirGarage,5,0,remote-first,marketing|operations|other,a16z-portfolio|backed-by-abstract-ventures|enterprise-b2b|remote|remote-first,2026-09-10
airops,AirOps,14,0,hybrid-friendly,engineering|marketing|operations|other|product|research|sales,backed-by-greylock-partners,2026-09-10
airslate,airSlate,13,0,remote-first,engineering|marketing|operations|other|product,backed-by-general-catalyst,2026-09-10
aiwyn,Aiwyn,9,0,remote-first,engineering|marketing|operations|product,backed-by-bessemer-ventures,2026-09-10
akasa,AKASA,11,0,onsite-leaning,engineering|operations|other|product|sales,a16z-portfolio|health-bio|remote,2026-09-10
akuna-capital,Akuna Capital,14,0,onsite-leaning,engineering|other|research,early-career|new-this-week,2026-09-10
alan,Alan,115,0,onsite-leaning,design|engineering|marketing|operations|other|product|sales,backed-by-index-ventures,2026-09-10
alchemy,Alchemy,20,3,onsite-leaning,design|engineering|marketing|operations|product|sales,a16z-portfolio|backed-by-lightspeed|crypto-web3|new-york,2026-09-10
aleph,Aleph,12,0,hybrid-friendly,engineering|marketing|operations|sales,backed-by-khosla-ventures,2026-09-10
allara,Allara,206,0,remote-first,design|engineering|operations|other,backed-by-index-ventures,2026-09-10
alleviate-health,Alleviate Health,6,1,onsite-leaning,engineering|operations|sales,a16z-portfolio|founding-roles|health-bio,2026-09-10
allica-bank,Allica Bank,1,0,onsite-leaning,engineering,early-career,2026-09-10
allium,Allium,11,0,hybrid-friendly,engineering|marketing|operations|research|sales,backed-by-kleiner-perkins,2026-09-10
alljoined,Alljoined,6,0,onsite-leaning,engineering|operations|other|research,backed-by-khosla-ventures,2026-09-10
allstate-insurance-company,Allstate Insurance Company,7,0,remote-first,operations|other,early-career|remote|remote-first,2026-09-10
alluxio,Alluxio,9,0,onsite-leaning,engineering|other|product|sales,a16z-portfolio,2026-09-10
alpha-9-oncology,Alpha-9 Oncology,3,0,onsite-leaning,operations|other,a16z-portfolio|boston,2026-09-10
alta-ares,Alta Ares,4,0,onsite-leaning,engineering|operations|sales,early-career|new-this-week,2026-09-10
altos-labs,Altos Labs,18,0,onsite-leaning,marketing|operations|other|research,backed-by-general-catalyst,2026-09-10
amazon,Amazon,224,0,onsite-leaning,engineering,austin|early-career|hiring-in-volume|london|new-this-week|seattle,2026-09-10
ambarella,Ambarella,10,0,onsite-leaning,design|engineering,early-career,2026-09-10
ambience-healthcare,Ambience Healthcare,15,0,hybrid-friendly,engineering|marketing|operations|other|product|research,a16z-portfolio|backed-by-kleiner-perkins|health-bio|new-this-week|remote,2026-09-10
ambient,Ambient,23,0,hybrid-friendly,engineering|marketing|other|product|research|sales,a16z-portfolio|boston|defense|los-angeles|new-this-week|new-york|remote,2026-09-10
ambral,Ambral,3,0,onsite-leaning,engineering|research,yc-s25,2026-09-10
amentum,Amentum,24,0,onsite-leaning,design|engineering|other,early-career,2026-09-10
ameren,Ameren,21,0,onsite-leaning,engineering|marketing|operations|other,early-career,2026-09-10
american-university,American University,11,0,onsite-leaning,marketing|operations|other|research,early-career,2026-09-10
amgen,Amgen,24,0,onsite-leaning,engineering|marketing|operations|other|sales,early-career|remote,2026-09-10
amperity,Amperity,20,0,hybrid-friendly,engineering|marketing|operations|other|product|sales,backed-by-general-catalyst,2026-09-10
amperos,Amperos,19,0,hybrid-friendly,design|engineering|operations|other|product|research|sales,backed-by-bessemer-ventures,2026-09-10
amyris,Amyris,9,0,onsite-leaning,engineering|operations|other,backed-by-khosla-ventures,2026-09-10
anagram,Anagram,1,0,remote-first,marketing,backed-by-general-catalyst,2026-09-10
analog-devices,Analog Devices,66,0,onsite-leaning,design|engineering|operations|other,early-career,2026-09-10
ancestry,Ancestry,3,0,hybrid-friendly,design|engineering|other,early-career|remote,2026-09-10
anchorage,Anchorage,27,1,remote-first,engineering|marketing|operations|other|sales,a16z-portfolio|miami|remote|remote-first,2026-09-10
andesite,Andesite,3,0,remote-first,other,backed-by-general-catalyst,2026-09-10
ando,Ando,6,0,onsite-leaning,design|engineering|operations|research,backed-by-index-ventures,2026-09-10
anduril-industries,Anduril Industries,2221,0,onsite-leaning,design|engineering|marketing|operations|other|product|research|sales,a16z-portfolio|boston|early-career|hiring-in-volume|london|new-this-week|remote|seattle,2026-09-10
anine-bing,Anine Bing,23,0,onsite-leaning,marketing|operations|other,backed-by-index-ventures,2026-09-10
ankar-ai,Ankar AI,12,0,onsite-leaning,engineering|marketing|operations|product|sales,backed-by-index-ventures,2026-09-10
ankorstore,Ankorstore,2,0,onsite-leaning,operations,backed-by-index-ventures,2026-09-10
anomali,Anomali,9,0,hybrid-friendly,engineering|operations|other|product|sales,backed-by-general-catalyst,2026-09-10
anrok,Anrok,22,0,onsite-leaning,engineering|marketing|operations|other|product|sales,backed-by-index-ventures|backed-by-khosla-ventures|backed-by-sequoia-capital,2026-09-10
ansible-health,Ansible Health,6,0,remote-first,engineering|operations|other,backed-by-bessemer-ventures,2026-09-10
anterior,Anterior,5,0,onsite-leaning,engineering|operations|other,backed-by-sequoia-capital,2026-09-10
anthelion-capital,Anthelion Capital,1,0,onsite-leaning,research,early-career|new-york,2026-09-10
anyscale,AnyScale,20,1,onsite-leaning,engineering|other|product|sales,a16z-portfolio|ai-infra|new-this-week,2026-09-10
anything,Anything,4,0,onsite-leaning,engineering,backed-by-bessemer-ventures,2026-09-10
apex-space,Apex Space,110,0,onsite-leaning,design|engineering|marketing|operations|other|sales,a16z-portfolio|early-career|hiring-in-volume|los-angeles|new-this-week,2026-09-10
apolink,Apolink,2,0,onsite-leaning,other,yc-f24,2026-09-10
apollo-graphql,Apollo GraphQL,7,1,remote-first,design|engineering|sales,a16z-portfolio|devtools-infra|new-this-week|remote|remote-first,2026-09-10
appian,Appian,5,0,onsite-leaning,engineering|operations|product,early-career,2026-09-10
applied-intuition,Applied Intuition,288,0,onsite-leaning,design|engineering|marketing|operations|other|product|research|sales,a16z-portfolio|backed-by-general-catalyst|backed-by-kleiner-perkins|early-career|hiring-in-volume|london|new-this-week|remote|robotics-hardware,2026-09-10
applied-materials,Applied Materials,89,0,onsite-leaning,engineering|operations,austin|early-career,2026-09-10
apron,Apron,2,0,onsite-leaning,engineering|sales,backed-by-bessemer-ventures|backed-by-index-ventures,2026-09-10
aptiv,Aptiv,17,0,onsite-leaning,engineering|marketing|operations|other,early-career,2026-09-10
aptos-labs,Aptos Labs,7,0,hybrid-friendly,engineering|marketing|sales,a16z-portfolio|remote,2026-09-10
aquant,Aquant,3,0,onsite-leaning,sales,backed-by-lightspeed,2026-09-10
aquatic-capital-management,Aquatic Capital Management,4,0,onsite-leaning,engineering|research,early-career,2026-09-10
arc-boat-company,Arc Boat Company,37,0,onsite-leaning,design|engineering|marketing|operations|other|sales,a16z-portfolio|los-angeles|new-this-week,2026-09-10
arca-wealth,Arca Wealth,10,0,onsite-leaning,design|engineering|operations|other,backed-by-general-catalyst|backed-by-index-ventures,2026-09-10
arcade-software,Arcade Software,4,0,onsite-leaning,marketing|operations|sales,backed-by-kleiner-perkins,2026-09-10
arch-capital-group,Arch Capital Group,18,0,onsite-leaning,marketing|operations|other,early-career,2026-09-10
archil,Archil,2,0,onsite-leaning,engineering,yc-f24,2026-09-10
archive-resale,Archive Resale,3,0,hybrid-friendly,marketing|product|sales,backed-by-lightspeed,2026-09-10
archy,Archy,15,0,remote-first,design|engineering|operations|other|product|sales,backed-by-bessemer-ventures,2026-09-10
ardian,Ardian,26,0,onsite-leaning,engineering|operations|other,early-career|london|new-york,2026-09-10
arena,Arena,19,0,onsite-leaning,engineering|operations|research|sales,a16z-portfolio|ai-infra|backed-by-felicis|backed-by-lightspeed,2026-09-10
argmax,Argmax,1,0,onsite-leaning,engineering,early-career,2026-09-10
argon-ai-inc,"Argon AI, Inc.",1,0,onsite-leaning,other,yc-w24,2026-09-10
arini,Arini,3,0,onsite-leaning,engineering,yc-w24,2026-09-10
arlo,Arlo,11,0,onsite-leaning,engineering|marketing|operations|other,backed-by-general-catalyst,2026-09-10
armis,Armis,9,0,onsite-leaning,engineering|operations|other|product,backed-by-general-catalyst,2026-09-10
arq,ARQ,32,0,onsite-leaning,design|engineering|marketing|operations|other|product|sales,backed-by-sequoia-capital,2026-09-10
array,Array,14,0,remote-first,engineering|operations|other|product|sales,backed-by-general-catalyst,2026-09-10
arrowstreet-capital,Arrowstreet Capital,2,0,onsite-leaning,engineering|research,boston|early-career,2026-09-10
arthur-ai,Arthur AI,2,0,onsite-leaning,engineering|product,backed-by-index-ventures,2026-09-10
artie,Artie,6,0,onsite-leaning,engineering|operations|sales,backed-by-general-catalyst|yc-s23,2026-09-10
artos,Artos,5,0,onsite-leaning,engineering|product|research|sales,yc-w24,2026-09-10
ascend,Ascend,8,0,onsite-leaning,engineering|operations|other|sales,backed-by-index-ventures,2026-09-10
asimov,Asimov,4,0,onsite-leaning,engineering|other|research,a16z-portfolio|boston|health-bio|new-this-week,2026-09-10
aspora,Aspora,5,0,onsite-leaning,design|engineering|operations|other,backed-by-greylock-partners,2026-09-10
assetmark,AssetMark,1,0,onsite-leaning,operations,austin|early-career,2026-09-10
assort-health,Assort Health,32,0,onsite-leaning,design|engineering|marketing|operations|other|product|sales,backed-by-lightspeed,2026-09-10
assurant,Assurant,3,0,onsite-leaning,marketing|other,early-career,2026-09-10
astemo,Astemo,5,0,onsite-leaning,design|engineering|other,early-career,2026-09-10
astera,Astera,1,0,onsite-leaning,engineering,early-career,2026-09-10
astera-labs,Astera Labs,5,0,onsite-leaning,design|engineering|other,early-career,2026-09-10
astranis,Astranis,89,0,onsite-leaning,design|engineering|operations|other|sales,a16z-portfolio|early-career|new-this-week,2026-09-10
astreya,Astreya,3,0,hybrid-friendly,design|operations,early-career|remote,2026-09-10
astro-mechanica,Astro Mechanica,43,0,onsite-leaning,design|engineering|marketing|operations|other,a16z-portfolio|aero-space|early-career|new-this-week|remote,2026-09-10
at-bay,At-Bay,33,0,onsite-leaning,engineering|marketing|operations|other,backed-by-khosla-ventures,2026-09-10
athelas,Athelas,78,0,onsite-leaning,design|engineering|marketing|operations|other|product|sales,backed-by-general-catalyst|backed-by-sequoia-capital,2026-09-10
athenahq,AthenaHQ,4,0,onsite-leaning,engineering|marketing|sales,yc-w25,2026-09-10
atob,AtoB,9,0,hybrid-friendly,engineering|marketing|other|product|sales,backed-by-general-catalyst,2026-09-10
atomic,Atomic,2,0,remote-first,engineering|sales,backed-by-greylock-partners,2026-09-10
auctor,Auctor,12,0,onsite-leaning,design|engineering|operations|other|product|sales,yc-x25,2026-09-10
augment,Augment,1,0,onsite-leaning,engineering,backed-by-index-ventures,2026-09-10
aurelius-systems,Aurelius Systems,18,0,onsite-leaning,engineering|marketing|operations,backed-by-general-catalyst,2026-09-10
authzed,Authzed,2,0,remote-first,engineering,backed-by-general-catalyst,2026-09-10
autoscience-institute,Autoscience Institute,5,0,onsite-leaning,engineering|marketing|other|research,backed-by-general-catalyst,2026-09-10
ava-labs,Ava Labs,4,0,remote-first,engineering|product,a16z-portfolio|backed-by-abstract-ventures|crypto-web3|remote|remote-first,2026-09-10
aviatrix,Aviatrix,12,0,onsite-leaning,engineering|other|sales,backed-by-general-catalyst,2026-09-10
avis-budget-group,Avis Budget Group,1,0,onsite-leaning,operations,early-career,2026-09-10
avoca-ai,Avoca,23,0,onsite-leaning,design|engineering|marketing|operations|other|product|sales,backed-by-general-catalyst,2026-09-10
awardco,Awardco,10,0,onsite-leaning,engineering|marketing|operations|other|sales,backed-by-general-catalyst,2026-09-10
axiomatic-ai,Axiomatic AI,1,0,onsite-leaning,research,early-career,2026-09-10
axion,Axion,12,0,onsite-leaning,engineering|operations|other|product|sales,backed-by-bessemer-ventures,2026-09-10
axos-bank,Axos Bank,8,0,onsite-leaning,engineering|marketing|other,early-career,2026-09-10
axq-capital,AXQ Capital,4,0,onsite-leaning,operations|research,early-career|new-this-week|new-york,2026-09-10
b12,B12,4,0,hybrid-friendly,design|marketing,backed-by-general-catalyst,2026-09-10
baba,Baba,15,0,hybrid-friendly,design|engineering|marketing|operations|other|sales,backed-by-general-catalyst,2026-09-10
backflip-ai,Backflip.AI,1,0,onsite-leaning,engineering,a16z-portfolio|devtools-infra,2026-09-10
backstory,Backstory,9,1,remote-first,engineering|operations|product|sales,a16z-portfolio|remote|remote-first,2026-09-10
baker-hughes,Baker Hughes,46,0,onsite-leaning,engineering|marketing|operations|other|product|sales,early-career,2026-09-10
bamboohr-llc,BambooHR LLC,31,0,hybrid-friendly,engineering|marketing|operations|other|product|sales,backed-by-khosla-ventures,2026-09-10
bank-of-montreal,Bank of Montreal,73,0,onsite-leaning,engineering|operations|other,early-career|london|new-york|seattle,2026-09-10
bankjoy,Bankjoy,9,0,remote-first,engineering|operations|product|sales,backed-by-bessemer-ventures,2026-09-10
baro,Baro,1,0,onsite-leaning,engineering,enterprise-b2b|founding-roles|new-york|speedrun-companies,2026-09-10
barry-wehmiller,Barry-Wehmiller,2,0,onsite-leaning,engineering|other,early-career,2026-09-10
base-power-company,Base Power Company,176,0,onsite-leaning,design|engineering|marketing|operations|other|product|sales,a16z-portfolio|austin|backed-by-lightspeed|early-career|energy-climate|hiring-in-volume|new-this-week|remote,2026-09-10
baseten,baseten,88,0,onsite-leaning,design|engineering|marketing|operations|other|product|research|sales,backed-by-greylock-partners,2026-09-10
basis,Basis,39,0,onsite-leaning,engineering|marketing|operations|other|product|sales,backed-by-khosla-ventures,2026-09-10
bastion,Bastion,6,1,remote-first,engineering|marketing|operations|product|sales,a16z-portfolio|crypto-web3|founding-roles|new-this-week|new-york|remote|remote-first,2026-09-10
bayesian-health,Bayesian Health,10,1,remote-first,engineering|marketing|other|sales,a16z-portfolio|health-bio|remote|remote-first,2026-09-10
bdg,BDG,12,0,onsite-leaning,engineering|marketing|operations|other|sales,backed-by-general-catalyst,2026-09-10
bdo-canada,BDO Canada,107,0,onsite-leaning,operations|other,early-career|hiring-in-volume|london,2026-09-10
beacon-biosignals,Beacon Biosignals,22,0,remote-first,engineering|marketing|operations|other|product|sales,backed-by-general-catalyst,2026-09-10
beacon-software,Beacon Software,1,0,onsite-leaning,engineering,early-career,2026-09-10
bead,Bead AI,1,0,onsite-leaning,sales,enterprise-b2b|founding-roles|speedrun-companies,2026-09-10
beam-impact,Beam Impact,4,0,hybrid-friendly,design|engineering|sales,backed-by-index-ventures,2026-09-10
beamery,Beamery,6,0,onsite-leaning,engineering|operations|product|sales,backed-by-index-ventures,2026-09-10
becton-dickinson,Becton Dickinson,3,0,onsite-leaning,engineering|operations|other,early-career,2026-09-10
behavox,Behavox,40,0,onsite-leaning,marketing|operations|other|sales,backed-by-index-ventures,2026-09-10
benchling,Benchling,47,4,onsite-leaning,engineering|marketing|operations|other|product|research|sales,a16z-portfolio|backed-by-sequoia-capital|boston|health-bio|london|new-this-week|remote,2026-09-10
beth-israel-deaconess-medical-center,Beth Israel Deaconess Medical Center,9,0,onsite-leaning,other,early-career,2026-09-10
better-health-supplies,Better Health Supplies,2,0,hybrid-friendly,operations,backed-by-general-catalyst,2026-09-10
betterup,BetterUp,12,0,onsite-leaning,design|marketing|operations|other|product|sales,backed-by-lightspeed,2026-09-10
bevel,Bevel,5,0,onsite-leaning,engineering,backed-by-general-catalyst,2026-09-10
bigger-games,Bigger Games,13,0,onsite-leaning,design|engineering|marketing|other|product,backed-by-index-ventures,2026-09-10
bild-ai,Bild AI,1,0,onsite-leaning,engineering,early-career,2026-09-10
bio-techne,Bio-Techne,1,0,onsite-leaning,engineering,early-career,2026-09-10
bird,Bird,32,0,onsite-leaning,operations|other,backed-by-index-ventures,2026-09-10
birdie,Birdie,3,0,onsite-leaning,design|operations|other,backed-by-index-ventures,2026-09-10
blablacar,BlaBlaCar,11,0,onsite-leaning,engineering|marketing|operations|other|product,backed-by-index-ventures,2026-09-10
blackbird,Blackbird,7,0,onsite-leaning,engineering|marketing|operations|product|sales,a16z-portfolio|backed-by-union-square-ventures|consumer-social|new-york,2026-09-10
blackedge-capital,BlackEdge Capital,4,0,onsite-leaning,engineering|other,early-career,2026-09-10
blackrock,BlackRock,6,0,onsite-leaning,other,early-career,2026-09-10
blacksmith,Blacksmith,20,0,onsite-leaning,design|engineering|marketing|operations|other|product|sales,yc-w24,2026-09-10
blackstone,Blackstone,7,0,onsite-leaning,operations|other,early-career|london,2026-09-10
bland-ai,Bland AI,19,0,onsite-leaning,design|engineering|marketing|operations|research|sales,yc-s23,2026-09-10
blank-street,Blank Street,84,0,onsite-leaning,design|engineering|marketing|operations|other,backed-by-general-catalyst,2026-09-10
blaxel,Blaxel,4,0,onsite-leaning,design|engineering,yc-x25,2026-09-10
blissway,Blissway,2,0,onsite-leaning,engineering,early-career,2026-09-10
blockit,Blockit,5,0,onsite-leaning,engineering|operations|sales,backed-by-sequoia-capital,2026-09-10
blockstream,Blockstream,52,0,onsite-leaning,design|engineering|marketing|operations|other|product|research|sales,backed-by-khosla-ventures,2026-09-10
bloxd,Bloxd,1,0,onsite-leaning,engineering,early-career,2026-09-10
blue-river-technology,Blue River Technology,13,0,hybrid-friendly,engineering|operations,backed-by-khosla-ventures,2026-09-10
blue-robotics,Blue Robotics,1,0,onsite-leaning,engineering,early-career,2026-09-10
blue-sky-innovators,Blue Sky Innovators,1,0,onsite-leaning,operations,early-career,2026-09-10
bluescope,BlueScope,22,0,onsite-leaning,engineering|operations|other,early-career,2026-09-10
bluestaq,Bluestaq,1,0,onsite-leaning,sales,early-career,2026-09-10
boku,Boku,7,0,onsite-leaning,engineering|marketing|operations|sales,backed-by-khosla-ventures,2026-09-10
bold,Bold,5,0,onsite-leaning,marketing|operations|other,a16z-portfolio|los-angeles|remote,2026-09-10
bonfire-studios,Bonfire Studios,4,0,onsite-leaning,engineering|operations|other|product,a16z-portfolio,2026-09-10
boom-supersonic,Boom Supersonic,8,0,onsite-leaning,engineering|operations,early-career,2026-09-10
borgwarner,BorgWarner,16,0,onsite-leaning,engineering|operations|other,early-career,2026-09-10
bot-auto,Bot Auto,2,0,onsite-leaning,engineering,early-career,2026-09-10
boulevard,Boulevard,16,0,remote-first,design|engineering|marketing|operations|other|product|sales,backed-by-index-ventures,2026-09-10
bounce,Bounce,7,0,onsite-leaning,design|engineering|product|sales,a16z-portfolio|backed-by-general-catalyst|consumer-social|remote,2026-09-10
brain-co,Brain Co.,1,0,onsite-leaning,engineering,early-career,2026-09-10
brale,Brale,1,0,remote-first,sales,backed-by-lightspeed,2026-09-10
breaker,Breaker,3,0,onsite-leaning,engineering|operations,backed-by-bessemer-ventures,2026-09-10
bree,Bree,3,0,onsite-leaning,engineering,early-career|new-this-week,2026-09-10
bretton-ai,Bretton AI,8,0,hybrid-friendly,engineering|marketing|operations|sales,backed-by-greylock-partners|yc-s23,2026-09-10
brief,Brief,2,0,onsite-leaning,engineering|other,enterprise-b2b|speedrun-companies,2026-09-10
brighthire,BrightHire,5,0,remote-first,engineering|operations,backed-by-index-ventures,2026-09-10
brightwheel,brightwheel,16,0,remote-first,engineering|operations|other|product|sales,backed-by-bessemer-ventures,2026-09-10
brigit,Brigit,18,0,onsite-leaning,engineering|operations|other|product,backed-by-lightspeed,2026-09-10
brinc-drones,BRINC,30,0,onsite-leaning,engineering|marketing|operations|other|sales,backed-by-index-ventures,2026-09-10
brisk-teaching,Brisk Teaching,3,0,hybrid-friendly,engineering|sales,backed-by-bessemer-ventures,2026-09-10
brm,BRM,1,0,onsite-leaning,engineering,early-career,2026-09-10
brookfield,Brookfield,6,0,onsite-leaning,operations|other,early-career|new-york,2026-09-10
brown-brothers-harriman,Brown Brothers Harriman,15,0,onsite-leaning,engineering|operations|other,early-career,2026-09-10
browserbase,Browserbase,6,0,onsite-leaning,engineering|operations|sales,backed-by-kleiner-perkins,2026-09-10
brunswick,Brunswick,65,0,onsite-leaning,design|engineering|marketing|operations|other|product|research,early-career,2026-09-10
bugcrowd,Bugcrowd,13,0,remote-first,engineering|operations|other|product|sales,backed-by-general-catalyst,2026-09-10
buildkite,Buildkite,10,0,onsite-leaning,engineering|operations|other,backed-by-general-catalyst,2026-09-10
built-technologies,Built Technologies,10,0,hybrid-friendly,design|engineering|operations|other|product|sales,backed-by-index-ventures,2026-09-10
bunkerhill-health,Bunkerhill Health,4,0,onsite-leaning,engineering|operations|other,backed-by-sequoia-capital,2026-09-10
buyers-edge-platform,Buyers Edge Platform,2,0,onsite-leaning,other,early-career,2026-09-10
cadence-design-systems,Cadence Design Systems,32,0,onsite-leaning,design|engineering|marketing|operations|other,early-career,2026-09-10
cae,CAE,6,0,onsite-leaning,engineering|operations|other,early-career,2026-09-10
camber,Camber,15,1,onsite-leaning,design|engineering|operations|other|sales,a16z-portfolio|health-bio|new-this-week|new-york|remote,2026-09-10
cambly,Cambly,3,0,hybrid-friendly,design|engineering|other,backed-by-bessemer-ventures,2026-09-10
cambridge-mobile-telematics,Cambridge Mobile Telematics,14,0,onsite-leaning,engineering|operations|product,backed-by-general-catalyst,2026-09-10
campfire,Campfire,32,0,onsite-leaning,engineering|marketing|operations|other|sales,yc-s23,2026-09-10
campus,Campus,19,0,onsite-leaning,engineering|marketing|operations|other|product,backed-by-general-catalyst,2026-09-10
canonical,Canonical,18,0,onsite-leaning,engineering|marketing|operations|other|product|research|sales,early-career,2026-09-10
cantina,Cantina,22,0,hybrid-friendly,engineering|marketing|operations|other|product|research,a16z-portfolio|consumer-social|early-career|los-angeles|new-this-week|remote,2026-09-10
cape,Cape,26,1,onsite-leaning,engineering|operations|other|research|sales,a16z-portfolio|defense|new-this-week|new-york|remote,2026-09-10
capi-money,Capi Money,8,0,onsite-leaning,operations|other,yc-s23,2026-09-10
capitolis,Capitolis,2,0,onsite-leaning,engineering|operations,backed-by-index-ventures,2026-09-10
capy,Capy,2,0,onsite-leaning,design|engineering,yc-f24,2026-09-10
cargo,Cargo,11,0,hybrid-friendly,engineering|marketing|product|research|sales,yc-s23,2026-09-10
cargo-one,cargo.one,2,0,remote-first,marketing|operations,backed-by-bessemer-ventures|backed-by-index-ventures,2026-09-10
carta,Carta,64,6,onsite-leaning,engineering|marketing|operations|other|product|sales,a16z-portfolio|early-career|london|new-this-week|new-york|seattle,2026-09-10
cartesia,Cartesia,31,0,onsite-leaning,engineering|operations|research|sales,backed-by-general-catalyst|backed-by-index-ventures|backed-by-kleiner-perkins|backed-by-lightspeed,2026-09-10
carwow,carwow,33,0,onsite-leaning,design|engineering|marketing|operations|other|product|research|sales,backed-by-bessemer-ventures,2026-09-10
casca,Casca,7,0,onsite-leaning,engineering|operations|other,backed-by-khosla-ventures|yc-s23,2026-09-10
cascade,Cascade,1,0,onsite-leaning,engineering,enterprise-b2b|founding-roles|new-york|speedrun-companies,2026-09-10
catena-labs,Catena Labs,4,0,remote-first,engineering|operations,a16z-portfolio|fintech|new-york|remote|remote-first,2026-09-10
caterpillar-inc,Caterpillar Inc.,38,0,onsite-leaning,engineering|marketing|operations|other,early-career,2026-09-10
causaly,Causaly,7,0,onsite-leaning,engineering|marketing|other,backed-by-index-ventures,2026-09-10
cellanome,Cellanome,14,0,onsite-leaning,engineering|marketing|operations|other|product|research,backed-by-general-catalyst,2026-09-10
cellular-intelligence,Cellular Intelligence,3,0,onsite-leaning,engineering|marketing|research,backed-by-khosla-ventures,2026-09-10
celonis,Celonis,24,0,onsite-leaning,engineering|marketing|operations|other|product|sales,early-career|london|new-this-week|new-york,2026-09-10
centerfield,Centerfield,2,0,onsite-leaning,engineering|other,early-career|los-angeles,2026-09-10
centific,Centific,11,0,onsite-leaning,engineering|other|research,early-career|remote,2026-09-10
cerebras,Cerebras,3,0,onsite-leaning,engineering,early-career,2026-09-10
certifyos,CertifyOS,11,0,remote-first,engineering|marketing|operations|other,backed-by-general-catalyst,2026-09-10
cgs-federal,CGS Federal,22,0,onsite-leaning,design|engineering|operations,early-career,2026-09-10
chai-discovery,Chai Discovery,16,0,onsite-leaning,design|engineering|operations|other|research|sales,backed-by-general-catalyst|backed-by-index-ventures,2026-09-10
chainguard,Chainguard,77,0,remote-first,engineering|marketing|operations|other|product|sales,backed-by-general-catalyst,2026-09-10
chamber-cardio,Chamber Cardio,6,0,remote-first,engineering|operations|sales,backed-by-general-catalyst,2026-09-10
chanel,Chanel,26,0,onsite-leaning,engineering|marketing|operations|other,early-career,2026-09-10
character-ai,Character.AI,13,0,onsite-leaning,engineering|other|research,backed-by-lightspeed,2026-09-10
chariot-defense,Chariot Defense,9,0,onsite-leaning,design|engineering|other,a16z-portfolio,2026-09-10
charm-industrial,Charm Industrial,7,0,onsite-leaning,engineering|operations|other,backed-by-general-catalyst,2026-09-10
charthop,ChartHop,3,0,remote-first,marketing|other|sales,a16z-portfolio|backed-by-abstract-ventures|enterprise-b2b|remote|remote-first,2026-09-10
checkout-com,Checkout.com,1,0,onsite-leaning,operations,early-career,2026-09-10
checkr,Checkr,48,0,onsite-leaning,design|engineering|marketing|operations|other|product|sales,backed-by-khosla-ventures,2026-09-10
chep,CHEP,1,0,onsite-leaning,other,early-career,2026-09-10
chestnut,Chestnut,4,0,onsite-leaning,engineering|other,a16z-portfolio|fintech|remote,2026-09-10
chevron-corporation,Chevron Corporation,16,0,onsite-leaning,engineering|operations|other,early-career,2026-09-10
chicago-trading-company,Chicago Trading Company,3,0,onsite-leaning,engineering|other,early-career|london,2026-09-10
chief,Chief,2,0,onsite-leaning,other,backed-by-general-catalyst,2026-09-10
chipagents,ChipAgents,12,0,onsite-leaning,design|engineering|operations|research|sales,backed-by-bessemer-ventures,2026-09-10
chipotle-mexican-grill,Chipotle Mexican Grill,35,0,onsite-leaning,other,early-career,2026-09-10
choco,Choco,9,0,onsite-leaning,engineering|operations|other|sales,backed-by-bessemer-ventures,2026-09-10
circleback,Circleback,1,0,onsite-leaning,engineering,early-career,2026-09-10
cirrus-logic,Cirrus Logic,2,0,onsite-leaning,engineering,austin|early-career|new-this-week,2026-09-10
cisive,Cisive,2,0,remote-first,engineering|other,early-career|remote|remote-first,2026-09-10
claim-health,Claim Health,8,0,onsite-leaning,design|engineering|marketing|operations,yc-x25,2026-09-10
claimsorted,ClaimSorted,16,0,hybrid-friendly,engineering|operations|other|sales,yc-s24,2026-09-10
clara,Clara,127,0,onsite-leaning,design|engineering|marketing|operations|other|product|sales,backed-by-general-catalyst,2026-09-10
clarion,Clarion,11,0,onsite-leaning,design|engineering|marketing|operations|sales,yc-w24,2026-09-10
clarity-innovations,Clarity Innovations,3,0,hybrid-friendly,engineering|other|research,early-career|remote,2026-09-10
classdojo,ClassDojo,10,0,remote-first,engineering|marketing|other|product|sales,backed-by-general-catalyst,2026-09-10
clearly-ai,Clearly AI,1,0,remote-first,engineering,yc-s24,2026-09-10
clera,Clera,7,0,onsite-leaning,design|engineering|marketing|operations,early-career|los-angeles|new-this-week|remote,2026-09-10
clerk,Clerk,1,0,remote-first,design,a16z-portfolio|backed-by-south-park-commons|devtools-infra|remote|remote-first,2026-09-10
clickup,ClickUp,63,9,hybrid-friendly,design|engineering|marketing|operations|other|product|sales,a16z-portfolio|backed-by-lightspeed|enterprise-b2b|new-this-week|remote,2026-09-10
clipboard-health,Clipboard Health,33,0,remote-first,marketing|operations|other|research|sales,backed-by-sequoia-capital,2026-09-10
cloaked,Cloaked,13,0,onsite-leaning,engineering|marketing|operations|product,backed-by-general-catalyst|backed-by-khosla-ventures,2026-09-10
cloudflare,Cloudflare,4,0,onsite-leaning,engineering|operations,early-career,2026-09-10
cloudtrucks,CloudTrucks,3,0,hybrid-friendly,operations|other,backed-by-khosla-ventures,2026-09-10
clubhouse,Clubhouse,5,0,remote-first,engineering|marketing|operations,a16z-portfolio|consumer-social|new-this-week|remote|remote-first,2026-09-10
cluely,Cluely,4,0,onsite-leaning,engineering|marketing|operations,a16z-portfolio|backed-by-abstract-ventures|early-career|enterprise-b2b|founding-roles|remote,2026-09-10
cluster,Cluster,1,0,onsite-leaning,engineering,enterprise-b2b|founding-roles|new-york|speedrun-companies,2026-09-10
clutch,Clutch,14,2,remote-first,engineering|operations|other|sales,a16z-portfolio|fintech|new-this-week|remote|remote-first,2026-09-10
cme-group,CME Group,1,0,onsite-leaning,other,early-career,2026-09-10
coalition,Coalition,40,0,onsite-leaning,engineering|marketing|operations|other|product|sales,backed-by-index-ventures,2026-09-10
cockroach-labs,Cockroach Labs,21,0,onsite-leaning,engineering|marketing|operations|other|sales,backed-by-index-ventures,2026-09-10
codat,Codat,4,0,onsite-leaning,engineering|other,backed-by-index-ventures,2026-09-10
coder,Coder,30,0,remote-first,engineering|marketing|operations|other|product|sales,backed-by-bessemer-ventures,2026-09-10
codes-health,Codes Health,14,0,hybrid-friendly,design|engineering|operations|other|sales,yc-s24,2026-09-10
cogent-security,Cogent Security,31,0,onsite-leaning,engineering|marketing|operations|other|research|sales,backed-by-greylock-partners,2026-09-10
cognition-technologies,Cognition,94,0,onsite-leaning,engineering|marketing|operations|other|research|sales,backed-by-general-catalyst,2026-09-10
collibra,Collibra,35,0,hybrid-friendly,engineering|marketing|operations|other|sales,backed-by-index-ventures,2026-09-10
commodityai,CommodityAI,3,0,onsite-leaning,engineering|operations,yc-w24,2026-09-10
commonwealth-fusion-systems,Commonwealth Fusion Systems,101,0,onsite-leaning,engineering|operations|other|research,backed-by-khosla-ventures,2026-09-10
complyadvantage,ComplyAdvantage,23,0,onsite-leaning,engineering|marketing|operations|other|research|sales,backed-by-index-ventures,2026-09-10
composio,Composio,31,0,onsite-leaning,engineering|marketing|operations|research|sales,backed-by-lightspeed,2026-09-10
compound-eye,Compound Eye,3,0,remote-first,engineering|marketing|research,backed-by-khosla-ventures,2026-09-10
conagra-brands,Conagra Brands,29,0,onsite-leaning,engineering|operations|other,early-career,2026-09-10
concourse,Concourse,7,1,onsite-leaning,engineering|marketing|other|sales,a16z-portfolio|fintech|founding-roles|new-this-week|new-york,2026-09-10
conduct,Conduct,13,0,onsite-leaning,design|engineering|marketing|operations|other|sales,backed-by-index-ventures,2026-09-10
conductorai,ConductorAI,6,0,onsite-leaning,engineering|other,a16z-portfolio|backed-by-abstract-ventures|defense|new-york,2026-09-10
confido,Confido,1,0,onsite-leaning,engineering,early-career,2026-09-10
connectprep,ConnectPrep,1,0,remote-first,other,early-career|remote|remote-first,2026-09-10
constellation-space,Constellation Space,4,0,onsite-leaning,engineering|research,yc-w26,2026-09-10
context,Context,1,0,onsite-leaning,other,early-career,2026-09-10
convex,Convex,13,0,onsite-leaning,design|engineering|marketing|product|sales,a16z-portfolio|devtools-infra,2026-09-10
cookunity,CookUnity,161,0,onsite-leaning,design|engineering|marketing|operations|other|product|sales,backed-by-general-catalyst,2026-09-10
copart,Copart,22,0,onsite-leaning,engineering|other,early-career,2026-09-10
cosine,Cosine,3,0,onsite-leaning,engineering|operations|sales,yc-w23,2026-09-10
counsel-health,Counsel Health,17,0,onsite-leaning,design|engineering|marketing|operations|other|product|research,a16z-portfolio|backed-by-gv|boston|founding-roles|health-bio|new-this-week|remote,2026-09-10
cowboy-space-corporation,Cowboy Space Corporation,87,0,onsite-leaning,design|engineering|marketing|operations|other,a16z-portfolio|aero-space|backed-by-index-ventures|early-career|new-this-week,2026-09-10
cradle,Cradle,6,0,onsite-leaning,design|engineering|operations|research|sales,backed-by-index-ventures,2026-09-10
cranston-ai,Cranston AI,3,0,onsite-leaning,engineering|operations,yc-f25,2026-09-10
creatify-lab,Creatify Lab,2,0,onsite-leaning,engineering|product,early-career,2026-09-10
cred,CRED,11,0,onsite-leaning,marketing|other|sales,backed-by-general-catalyst,2026-09-10
credal-ai,Credal.ai,5,0,onsite-leaning,design|engineering|sales,yc-w23,2026-09-10
cresta,Cresta,94,4,hybrid-friendly,design|engineering|marketing|operations|other|product|sales,a16z-portfolio|early-career|new-this-week|new-york|remote,2026-09-10
crosby,Crosby,16,0,onsite-leaning,engineering|marketing|operations|research|sales,backed-by-index-ventures|backed-by-sequoia-capital,2026-09-10
crossfit,CrossFit,3,0,hybrid-friendly,operations|other,backed-by-general-catalyst,2026-09-10
crossing-minds,Crossing Minds,4,0,hybrid-friendly,engineering|marketing|operations|product,backed-by-index-ventures,2026-09-10
crucibl,Crucibl,5,0,onsite-leaning,engineering|other|product|research,backed-by-khosla-ventures,2026-09-10
crux,Crux,18,0,remote-first,engineering|marketing|operations|other|sales,a16z-portfolio|energy-climate|new-this-week|remote|remote-first,2026-09-10
ctgt,CTGT,3,0,onsite-leaning,engineering,yc-f24,2026-09-10
culdesac,Culdesac,2,0,onsite-leaning,operations,backed-by-khosla-ventures,2026-09-10
culture-amp,Culture Amp,32,0,onsite-leaning,design|engineering|marketing|operations|other|research,backed-by-index-ventures,2026-09-10
curai-health,Curai Health,8,0,remote-first,engineering|other,backed-by-general-catalyst|backed-by-khosla-ventures,2026-09-10
curri,Curri,20,0,remote-first,engineering|marketing|operations|sales,backed-by-bessemer-ventures,2026-09-10
cursor,Cursor,127,20,hybrid-friendly,design|engineering|marketing|operations|other|research|sales,a16z-portfolio|austin|early-career|hiring-in-volume|london|new-this-week|new-york|remote,2026-09-10
cuspai,CuspAI,1,0,onsite-leaning,other,early-career|london,2026-09-10
cutover,Cutover,3,0,hybrid-friendly,engineering|operations,backed-by-index-ventures,2026-09-10
cvs-health,CVS Health,99,0,,operations|other,early-career,2026-09-10
cx2,CX2,2,0,onsite-leaning,engineering,a16z-portfolio|los-angeles,2026-09-10
cylake,Cylake,14,0,onsite-leaning,design|engineering|marketing|operations|research,backed-by-greylock-partners,2026-09-10
d3,D3,2,0,onsite-leaning,engineering,early-career|los-angeles,2026-09-10
darwin,Darwin,1,0,onsite-leaning,engineering,devtools-infra|speedrun-companies,2026-09-10
datadog,Datadog,450,0,onsite-leaning,design|engineering|marketing|operations|other|product|research|sales,backed-by-index-ventures,2026-09-10
datalab-usa,Datalab USA,2,0,onsite-leaning,engineering,early-career,2026-09-10
david-ai,David AI,13,0,onsite-leaning,engineering|operations|product|research|sales,yc-s24,2026-09-10
daylight-energy,Daylight Energy,5,0,onsite-leaning,design|engineering|other|sales,a16z-portfolio|new-york,2026-09-10
decagon,Decagon,140,5,onsite-leaning,design|engineering|marketing|operations|other|product|research|sales,a16z-portfolio|austin|backed-by-index-ventures|enterprise-b2b|founding-roles|hiring-in-volume|london|new-this-week|new-york|remote,2026-09-10
decoda-health,Decoda Health,3,0,onsite-leaning,engineering|operations,yc-s23,2026-09-10
dedalus-labs,Dedalus Labs,7,0,onsite-leaning,design|engineering|product,yc-s25,2026-09-10
deep-genomics,Deep Genomics,2,0,onsite-leaning,research,backed-by-khosla-ventures,2026-09-10
deepl,DeepL,62,0,onsite-leaning,design|engineering|marketing|operations|other|product|research|sales,backed-by-bessemer-ventures|backed-by-index-ventures,2026-09-10
deepnote,Deepnote,3,0,hybrid-friendly,engineering|marketing|sales,backed-by-index-ventures,2026-09-10
deliveroo,Deliveroo,218,0,onsite-leaning,design|engineering|marketing|operations|other|product|sales,backed-by-general-catalyst|backed-by-index-ventures,2026-09-10
delphi,Delphi,6,0,onsite-leaning,design|engineering|marketing|operations,backed-by-sequoia-capital,2026-09-10
delta-dental,Delta Dental,4,0,onsite-leaning,other,early-career,2026-09-10
deluxe,Deluxe,1,0,onsite-leaning,engineering,early-career,2026-09-10
denari,Denari,1,0,onsite-leaning,engineering,early-career,2026-09-10
dentsu,Dentsu,31,0,onsite-leaning,engineering|marketing|operations|other,early-career|new-york,2026-09-10
depot,Depot,1,0,remote-first,engineering,yc-w23,2026-09-10
descript,Descript,10,1,remote-first,engineering|marketing|research|sales,a16z-portfolio|new-this-week|remote|remote-first,2026-09-10
deutsche-bank,Deutsche Bank,42,0,onsite-leaning,engineering|marketing|operations|other,early-career|new-york,2026-09-10
devrev,DevRev,44,0,onsite-leaning,design|engineering|marketing|operations|other|sales,backed-by-khosla-ventures,2026-09-10
dex,Dex,7,0,onsite-leaning,design|engineering|marketing,enterprise-b2b|london|speedrun-companies,2026-09-10
dialogue,Dialogue,4,0,onsite-leaning,engineering|other|sales,backed-by-lightspeed,2026-09-10
dialpad,Dialpad,84,15,onsite-leaning,design|engineering|marketing|operations|other|product|research|sales,a16z-portfolio|austin|london|new-this-week|new-york,2026-09-10
dimensional-fund-advisors,Dimensional Fund Advisors,11,0,onsite-leaning,engineering|other,austin|early-career,2026-09-10
discord,Discord,45,0,onsite-leaning,design|engineering|marketing|operations|other|product|sales,backed-by-general-catalyst|backed-by-index-ventures,2026-09-10
distylai,distylai,27,0,onsite-leaning,engineering|marketing|operations|other|research|sales,backed-by-khosla-ventures|backed-by-lightspeed,2026-09-10
diversified-automation,Diversified Automation,4,0,onsite-leaning,engineering,early-career,2026-09-10
doctors-without-borders,Doctors Without Borders,1,0,onsite-leaning,other,early-career|new-york,2026-09-10
doctronic,Doctronic,14,0,hybrid-friendly,engineering|marketing|operations|other|product|sales,backed-by-lightspeed,2026-09-10
docugami,Docugami,3,0,onsite-leaning,engineering,early-career,2026-09-10
dome-systems,Dome Systems,7,0,onsite-leaning,design|engineering|other|sales,backed-by-bessemer-ventures,2026-09-10
dominion-dynamics,Dominion Dynamics,25,0,onsite-leaning,engineering|operations|other,backed-by-bessemer-ventures,2026-09-10
doppel,Doppel,16,0,onsite-leaning,engineering,a16z-portfolio|backed-by-bessemer-ventures|backed-by-south-park-commons|enterprise-b2b|new-york|remote,2026-09-10
doppler,Doppler,1,0,remote-first,other,backed-by-sequoia-capital,2026-09-10
dorsia,Dorsia,18,0,onsite-leaning,design|engineering|marketing|operations|other|product|sales,backed-by-index-ventures,2026-09-10
doss-com,DOSS.COM,24,0,onsite-leaning,engineering|marketing|other|product|sales,backed-by-general-catalyst,2026-09-10
draper,Draper,9,0,onsite-leaning,engineering|other,early-career,2026-09-10
droyd-robotics,Droyd Robotics,3,0,onsite-leaning,engineering|research,early-career,2026-09-10
drw,DRW,21,0,onsite-leaning,engineering|operations|other|research,early-career|london,2026-09-10
dryft,Dryft,5,0,onsite-leaning,design|engineering|other,backed-by-general-catalyst,2026-09-10
dualentry,Dualentry,71,0,onsite-leaning,design|engineering|marketing|operations|other|product|sales,backed-by-khosla-ventures|backed-by-lightspeed,2026-09-10
ducharme-mcmillen-associates,"DuCharme, McMillen & Associates",25,0,onsite-leaning,operations|other|sales,early-career,2026-09-10
duna,Duna,10,0,hybrid-friendly,design|engineering|marketing|other|sales,backed-by-index-ventures,2026-09-10
dust,Dust,25,0,onsite-leaning,design|engineering|marketing|operations|other|sales,backed-by-sequoia-capital,2026-09-10
dv-trading,DV Trading,15,0,onsite-leaning,engineering|operations|other,early-career|london|new-this-week|new-york|remote,2026-09-10
dyna-robotics,Dyna Robotics,1,0,onsite-leaning,research,early-career,2026-09-10
dyno-therapeutics,Dyno Therapeutics,3,0,hybrid-friendly,engineering|product|research,a16z-portfolio|remote,2026-09-10
eagle,Eagle,2,0,onsite-leaning,engineering,backed-by-lightspeed,2026-09-10
earli,Earli,3,0,onsite-leaning,marketing|other|research,backed-by-khosla-ventures,2026-09-10
earnin,Earnin,27,0,onsite-leaning,design|engineering|marketing|operations|other,a16z-portfolio|new-this-week|remote,2026-09-10
ebay,eBay,2,0,onsite-leaning,marketing|other,early-career,2026-09-10
edgehog-trading,Edgehog Trading,3,0,onsite-leaning,engineering|other,early-career,2026-09-10
edra,Edra,21,0,onsite-leaning,design|engineering|marketing|operations|other|sales,backed-by-sequoia-capital,2026-09-10
edwards-lifesciences,Edwards Lifesciences,12,0,onsite-leaning,engineering|operations|other,early-career,2026-09-10
egenesis,EGenesis,12,0,onsite-leaning,operations|other|research,backed-by-khosla-ventures,2026-09-10
eigenlayer,EigenLayer,2,0,remote-first,engineering|other,a16z-portfolio|crypto-web3|remote|remote-first,2026-09-10
eight-sleep,Eight Sleep,51,0,onsite-leaning,design|engineering|marketing|operations|other|research,backed-by-general-catalyst|backed-by-khosla-ventures,2026-09-10
eikon-therapeutics,Eikon Therapeutics,23,0,onsite-leaning,engineering|marketing|operations|other|research,backed-by-general-catalyst,2026-09-10
eisen,Eisen,6,0,onsite-leaning,engineering|sales,backed-by-index-ventures,2026-09-10
ekimetrics,Ekimetrics,10,0,onsite-leaning,engineering|marketing|research,early-career|new-this-week|new-york,2026-09-10
electric-air,Electric Air,5,0,onsite-leaning,engineering|marketing|other|sales,yc-s23,2026-09-10
electrokare,ElectroKare,1,0,onsite-leaning,engineering,founding-roles|health-bio|new-york|speedrun-companies,2026-09-10
elekta,Elekta,6,0,onsite-leaning,marketing|operations|other,early-career,2026-09-10
elevenlabs,ElevenLabs,249,39,hybrid-friendly,design|engineering|marketing|operations|other|product|research|sales,a16z-portfolio|backed-by-lightspeed|consumer-social|hiring-in-volume|london|new-this-week|new-york|remote,2026-09-10
eliseai,EliseAI,109,8,onsite-leaning,design|engineering|marketing|operations|other|product|research|sales,a16z-portfolio|austin|backed-by-bessemer-ventures|boston|early-career|enterprise-b2b|founding-roles|hiring-in-volume|new-this-week|new-york|remote,2026-09-10
ellipsis-health,Ellipsis Health,16,0,onsite-leaning,engineering|operations|other|product,backed-by-khosla-ventures,2026-09-10
ellipsis-labs,Ellipsis Labs,2,0,onsite-leaning,engineering,early-career|new-york,2026-09-10
ello,Ello,6,0,onsite-leaning,design|engineering|marketing|other|product,backed-by-khosla-ventures,2026-09-10
eloquent-ai,Eloquent AI,12,0,hybrid-friendly,design|engineering|other,yc-x25,2026-09-10
eluvio,Eluvio,1,0,onsite-leaning,other,early-career,2026-09-10
elyos-ai,Elyos AI,6,0,onsite-leaning,design|engineering|sales,yc-s23,2026-09-10
emanate,Emanate,11,1,onsite-leaning,engineering|operations|product|sales,enterprise-b2b|founding-roles|speedrun-companies,2026-09-10
embry-riddle-aeronautical-university,Embry-Riddle Aeronautical University,2,0,hybrid-friendly,other,early-career|remote,2026-09-10
emi-labs,Emi Labs,10,0,hybrid-friendly,engineering|operations|other|product|sales,backed-by-khosla-ventures,2026-09-10
emidat,Emidat,4,0,onsite-leaning,engineering|other,backed-by-general-catalyst,2026-09-10
endeavorai-com,endeavorai.com,1,0,onsite-leaning,engineering,early-career,2026-09-10
endra,Endra,14,0,onsite-leaning,engineering|marketing|operations,a16z-portfolio|enterprise-b2b|founding-roles|london|new-york,2026-09-10
engflow,EngFlow,10,1,remote-first,engineering|operations|sales,a16z-portfolio|austin|devtools-infra|new-this-week|new-york|remote|remote-first,2026-09-10
enova,Enova,1,0,onsite-leaning,operations,early-career,2026-09-10
ensemble-health-partners,Ensemble Health Partners,2,0,remote-first,engineering,early-career|remote|remote-first,2026-09-10
entegris,Entegris,42,0,onsite-leaning,engineering|other,austin|early-career,2026-09-10
enter,Enter,21,0,onsite-leaning,design|engineering|operations|other|product,backed-by-sequoia-capital,2026-09-10
envoy,Envoy,18,5,onsite-leaning,design|engineering|marketing|product|sales,a16z-portfolio|enterprise-b2b|london|new-york|remote,2026-09-10
equifax,Equifax,9,0,onsite-leaning,engineering|operations|other,early-career,2026-09-10
equip,Equip,53,0,remote-first,operations|other,backed-by-general-catalyst,2026-09-10
eragon,Eragon,4,0,onsite-leaning,engineering,early-career|enterprise-b2b|speedrun-companies,2026-09-10
escape,Escape,3,0,hybrid-friendly,other|sales,yc-w23,2026-09-10
espa-ai,Espa AI,1,0,remote-first,engineering,early-career|remote|remote-first,2026-09-10
espresso-systems,Espresso Systems,5,0,remote-first,engineering|marketing,a16z-portfolio|remote|remote-first,2026-09-10
etched,Etched,13,0,onsite-leaning,engineering|marketing|operations|other,early-career,2026-09-10
ethos-life,Ethos Life,65,0,hybrid-friendly,design|engineering|marketing|operations|other|product|sales,backed-by-general-catalyst,2026-09-10
eudia,Eudia,20,0,onsite-leaning,design|engineering|marketing|operations|other|product|sales,backed-by-general-catalyst,2026-09-10
eulerity,Eulerity,5,0,onsite-leaning,engineering|marketing|operations,early-career|new-york,2026-09-10
eve,Eve,30,5,hybrid-friendly,design|engineering|marketing|operations|other|product|sales,a16z-portfolio|new-this-week|remote,2026-09-10
everlane,Everlane,46,0,onsite-leaning,design|engineering|marketing|operations|other,backed-by-khosla-ventures,2026-09-10
everlaw,Everlaw,33,6,onsite-leaning,design|engineering|operations|other|product|sales,a16z-portfolio|new-this-week|new-york,2026-09-10
every,Every,1,0,remote-first,sales,yc-s23,2026-09-10
evvy,Evvy,16,0,onsite-leaning,design|engineering|marketing|operations|other|research,backed-by-general-catalyst,2026-09-10
exa,Exa,55,2,onsite-leaning,design|engineering|marketing|operations|research|sales,a16z-portfolio|ai-infra|backed-by-lightspeed|early-career|london|new-york,2026-09-10
exowatt,Exowatt,17,0,onsite-leaning,design|engineering|operations,a16z-portfolio|austin|miami,2026-09-10
expedia-group,Expedia Group,14,0,onsite-leaning,engineering|operations|other|research|sales,early-career,2026-09-10
expel,Expel,8,0,hybrid-friendly,engineering|marketing|operations|other|product|sales,backed-by-index-ventures,2026-09-10
extend,Extend,10,0,onsite-leaning,engineering|marketing|research|sales,yc-w23,2026-09-10
f-schumacher-co,F. Schumacher & Co.,2,0,onsite-leaning,design,early-career|new-this-week|new-york,2026-09-10
f2,F2,11,0,onsite-leaning,design|engineering|marketing|operations|sales,yc-s25,2026-09-10
fab2,Fab2,20,0,onsite-leaning,engineering,austin|early-career|new-this-week,2026-09-10
fable-security,Fable Security,7,0,hybrid-friendly,engineering|sales,backed-by-greylock-partners,2026-09-10
faculty-ai,Faculty AI,1,0,onsite-leaning,other,early-career,2026-09-10
faire,Faire,61,0,onsite-leaning,design|engineering|marketing|operations|other|product|research|sales,backed-by-khosla-ventures,2026-09-10
fal,Fal,32,1,onsite-leaning,design|engineering|marketing|operations|other|sales,a16z-portfolio|founding-roles|new-this-week|remote,2026-09-10
farfetch,Farfetch,58,0,onsite-leaning,engineering|marketing|operations|other|sales,backed-by-index-ventures,2026-09-10
faros-ai,Faros AI,1,0,onsite-leaning,engineering,early-career,2026-09-10
farther-finance,Farther Finance,36,0,hybrid-friendly,design|engineering|marketing|operations|other,backed-by-khosla-ventures,2026-09-10
favorited,Favorited,12,0,onsite-leaning,design|engineering|marketing|other|product,backed-by-abstract-ventures|consumer-social|los-angeles|remote|speedrun-companies,2026-09-10
feathery,Feathery,17,0,onsite-leaning,engineering|marketing|other|sales,backed-by-index-ventures,2026-09-10
ferrovial,Ferrovial,41,0,onsite-leaning,design|operations,austin|early-career|london|new-york,2026-09-10
fhlbank-topeka,FHLBank Topeka,1,0,onsite-leaning,operations,early-career,2026-09-10
fiddler-ai,Fiddler AI,8,0,hybrid-friendly,engineering|marketing|operations|other|research|sales,backed-by-lightspeed,2026-09-10
field-ai,Field AI,1,0,onsite-leaning,engineering,early-career,2026-09-10
fieldguide,Fieldguide,44,0,hybrid-friendly,design|engineering|marketing|operations|other|product|sales,backed-by-bessemer-ventures,2026-09-10
fifth-third-bank,Fifth Third Bank,29,0,onsite-leaning,engineering|operations|other,early-career,2026-09-10
figma,Figma,158,27,onsite-leaning,design|engineering|marketing|operations|other|product|research|sales,a16z-portfolio|early-career|hiring-in-volume|london|new-this-week|new-york,2026-09-10
filmhub,Filmhub,2,0,remote-first,marketing|other,a16z-portfolio|games-entertainment|remote|remote-first,2026-09-10
fin,Fin,8,0,onsite-leaning,design|engineering|product|sales,backed-by-sequoia-capital,2026-09-10
finch,Finch,10,0,onsite-leaning,engineering|marketing|operations|sales,backed-by-general-catalyst|backed-by-sequoia-capital,2026-09-10
finni-health,Finni Health,124,0,onsite-leaning,operations|other|sales,backed-by-general-catalyst|yc-w23,2026-09-10
finning,Finning,2,0,onsite-leaning,operations|other,early-career,2026-09-10
finom,Finom,72,0,remote-first,design|engineering|marketing|operations|other|product|sales,backed-by-general-catalyst,2026-09-10
finto,Finto,7,0,onsite-leaning,engineering|other|sales,yc-s25,2026-09-10
finvest,Finvest,5,0,onsite-leaning,engineering|marketing|operations,yc-w23,2026-09-10
fireblocks,Fireblocks,75,0,onsite-leaning,engineering|marketing|operations|other|product|sales,backed-by-index-ventures,2026-09-10
firetiger,Firetiger,2,0,onsite-leaning,engineering,early-career,2026-09-10
first-quality,First Quality,15,0,onsite-leaning,engineering|other,early-career,2026-09-10
first-street-foundation,First Street Foundation,4,0,onsite-leaning,engineering|other,backed-by-general-catalyst,2026-09-10
five-rings-capital,Five Rings Capital,4,0,onsite-leaning,engineering|operations|other|research,early-career|new-york,2026-09-10
fivetran,Fivetran,194,0,onsite-leaning,design|engineering|marketing|operations|other|product|sales,backed-by-general-catalyst,2026-09-10
fizz,Fizz,6,0,onsite-leaning,design|engineering|marketing|sales,backed-by-lightspeed,2026-09-10
flagright,Flagright,2,0,onsite-leaning,marketing|operations,early-career|london,2026-09-10
flai,Flai,4,0,hybrid-friendly,marketing|operations|sales,yc-s25,2026-09-10
flashfood,Flashfood,6,0,remote-first,marketing|operations|other|sales,backed-by-general-catalyst,2026-09-10
flashpoint,Flashpoint,1,0,remote-first,other,early-career|remote|remote-first,2026-09-10
flexport,Flexport,176,18,onsite-leaning,engineering|marketing|operations|other|product|sales,a16z-portfolio|early-career|founding-roles|hiring-in-volume|los-angeles|miami|new-this-week|new-york|remote,2026-09-10
flock-homes,Flock Homes,3,0,onsite-leaning,engineering|marketing,a16z-portfolio|new-york,2026-09-10
flock-safety,Flock Safety,23,0,hybrid-friendly,design|engineering|marketing|operations|other|product,a16z-portfolio|backed-by-kleiner-perkins|defense|new-this-week|remote,2026-09-10
flora,FLORA,1,0,onsite-leaning,sales,games-entertainment|new-this-week|new-york|speedrun-companies,2026-09-10
flow,Flow,47,0,onsite-leaning,design|engineering|marketing|operations|other|sales,a16z-portfolio|early-career|miami|new-this-week|new-york,2026-09-10
flow-engineering,Flow Engineering,21,0,hybrid-friendly,engineering|sales,backed-by-sequoia-capital,2026-09-10
flow-traders,Flow Traders,6,0,onsite-leaning,other|research,early-career|new-york,2026-09-10
fluxergy,Fluxergy,1,0,onsite-leaning,engineering,early-career,2026-09-10
focal,Focal,1,0,onsite-leaning,engineering,early-career,2026-09-10
fomo,Fomo,5,0,onsite-leaning,design|engineering|operations,backed-by-index-ventures,2026-09-10
fonoa,Fonoa,26,0,onsite-leaning,design|engineering|marketing|operations|other|product|research|sales,backed-by-index-ventures,2026-09-10
forgepoint,Forgepoint,6,0,onsite-leaning,engineering|sales,enterprise-b2b|new-this-week|new-york|speedrun-companies,2026-09-10
formation-bio,Formation Bio,22,0,onsite-leaning,engineering|marketing|operations|other|sales,a16z-portfolio|boston|new-york,2026-09-10
fortera,Fortera,2,0,onsite-leaning,operations|sales,backed-by-khosla-ventures,2026-09-10
forus,Forus,52,0,onsite-leaning,design|engineering|marketing|operations|other|product|research|sales,backed-by-general-catalyst,2026-09-10
forward-networks,Forward Networks,18,0,onsite-leaning,engineering|operations|other|sales,a16z-portfolio|london|new-this-week|new-york,2026-09-10
found,Found,5,0,remote-first,engineering|marketing|sales,backed-by-lightspeed|backed-by-sequoia-capital,2026-09-10
fourier,Fourier,7,0,onsite-leaning,engineering,backed-by-general-catalyst,2026-09-10
foxglove,Foxglove,1,0,remote-first,sales,backed-by-bessemer-ventures,2026-09-10
franklin-templeton,Franklin Templeton,3,0,onsite-leaning,other|research,early-career,2026-09-10
frec,Frec,6,0,onsite-leaning,engineering|product|research|sales,backed-by-greylock-partners,2026-09-10
freed,Freed,4,0,onsite-leaning,engineering|marketing|other|sales,backed-by-sequoia-capital,2026-09-10
freedom-technology-solutions-group,Freedom Technology Solutions Group,8,0,onsite-leaning,engineering|operations|other,early-career,2026-09-10
freeform,Freeform,23,0,onsite-leaning,engineering,early-career|los-angeles,2026-09-10
freenome,Freenome,27,4,hybrid-friendly,engineering|operations|other|product|research|sales,a16z-portfolio|new-this-week|remote,2026-09-10
front,Front,21,0,onsite-leaning,design|engineering|marketing|operations|other|product|sales,backed-by-sequoia-capital,2026-09-10
frontier-health,Frontier Health,1,0,onsite-leaning,research,early-career|london,2026-09-10
fti-consulting,FTI Consulting,5,0,onsite-leaning,marketing|operations|other,early-career,2026-09-10
fulcrum,Fulcrum,3,0,onsite-leaning,engineering,backed-by-bessemer-ventures|yc-s25,2026-09-10
fullstory,FullStory,4,0,onsite-leaning,engineering|other|sales,backed-by-kleiner-perkins,2026-09-10
funding-circle,Funding Circle,24,0,onsite-leaning,engineering|marketing|operations|other|product|sales,backed-by-index-ventures,2026-09-10
fundwell,Fundwell,1,0,onsite-leaning,other,early-career|new-york,2026-09-10
further,Further,2,0,onsite-leaning,operations|other,early-career,2026-09-10
fuse-energy,Fuse Energy,2,0,onsite-leaning,other,early-career,2026-09-10
fussball-club-cincinnati-llc,Fussball Club Cincinnati LLC,2,0,onsite-leaning,other,early-career,2026-09-10
future,Future,7,0,remote-first,design|engineering|other|product,backed-by-khosla-ventures,2026-09-10
g-research,G-Research,4,0,onsite-leaning,engineering|other|research,early-career|london,2026-09-10
gamma,Gamma,32,2,onsite-leaning,design|engineering|marketing|operations|other|product|research|sales,a16z-portfolio|backed-by-south-park-commons|devtools-infra|new-york|remote,2026-09-10
garage,Garage,15,0,onsite-leaning,design|engineering|marketing|operations|sales,yc-w24,2026-09-10
ge-appliances,GE Appliances,4,0,onsite-leaning,operations|other,early-career,2026-09-10
ge-healthcare,GE Healthcare,45,0,onsite-leaning,design|engineering|marketing|operations|other|research,early-career|remote,2026-09-10
ge-vernova,GE Vernova,73,0,onsite-leaning,engineering|marketing|operations|other|product|research,early-career|remote,2026-09-10
gemini,Gemini,1,0,onsite-leaning,design,early-career|new-york,2026-09-10
gen-digital,Gen Digital,2,0,onsite-leaning,engineering,early-career,2026-09-10
generac,Generac,11,0,onsite-leaning,design|engineering|operations|other,early-career|los-angeles,2026-09-10
general-intuition,General Intuition,13,0,onsite-leaning,design|engineering|other,backed-by-general-catalyst|backed-by-khosla-ventures,2026-09-10
genesis-molecular-ai,Genesis Molecular AI,11,0,onsite-leaning,engineering|operations|product|research|sales,a16z-portfolio|backed-by-felicis|health-bio|new-this-week,2026-09-10
genlogs,GenLogs,1,0,remote-first,other,early-career|remote|remote-first,2026-09-10
genmd,GenMD,1,0,onsite-leaning,research,early-career,2026-09-10
gensyn,Gensyn,3,0,remote-first,other|product|research,a16z-portfolio|early-career|remote|remote-first,2026-09-10
geordie-ai,Geordie AI,9,0,onsite-leaning,engineering|sales,backed-by-general-catalyst,2026-09-10
georgian-partners-growth,Georgian Partners Growth,1,0,onsite-leaning,engineering,early-career,2026-09-10
ghost,Ghost,1,0,onsite-leaning,engineering,a16z-portfolio|ai-infra|founding-roles,2026-09-10
giga,Giga,31,0,hybrid-friendly,design|engineering|marketing|operations|other,yc-s23,2026-09-10
ginkgo-bioworks,Ginkgo Bioworks,3,0,onsite-leaning,research,boston|early-career,2026-09-10
gitar-inc,"Gitar, Inc.",2,0,onsite-leaning,engineering,early-career,2026-09-10
gitlab,GitLab,230,0,remote-first,design|engineering|marketing|operations|other|product|research|sales,backed-by-general-catalyst|backed-by-khosla-ventures,2026-09-10
glean,Glean,112,0,onsite-leaning,engineering|marketing|operations|other|product|sales,backed-by-general-catalyst,2026-09-10
glia,Glia,1,0,onsite-leaning,engineering,early-career,2026-09-10
glide,Glide,1,0,onsite-leaning,engineering,early-career|new-york,2026-09-10
glimpse,Glimpse,10,1,onsite-leaning,engineering|operations|other|sales,a16z-portfolio|enterprise-b2b|new-this-week,2026-09-10
global-infrastructure,Global Infrastructure,1,0,onsite-leaning,other,early-career,2026-09-10
globalfoundries,GlobalFoundries,90,0,onsite-leaning,design|engineering|marketing|operations|other|sales,early-career,2026-09-10
globus-medical,Globus Medical,16,0,onsite-leaning,other,early-career|new-york,2026-09-10
glossier,Glossier,25,0,onsite-leaning,design|marketing|operations|other,backed-by-index-ventures,2026-09-10
glydways,Glydways,17,0,hybrid-friendly,engineering|operations|other,backed-by-khosla-ventures,2026-09-10
goat-group,GOAT Group,3,0,onsite-leaning,operations,backed-by-index-ventures,2026-09-10
gong,Gong,91,0,onsite-leaning,engineering|marketing|operations|other|product|sales,backed-by-index-ventures,2026-09-10
gooddata-ai,GoodData.AI,7,1,onsite-leaning,engineering|sales,a16z-portfolio|devtools-infra|new-this-week,2026-09-10
goodstack,Goodstack,10,0,remote-first,marketing|operations|other|sales,backed-by-general-catalyst,2026-09-10
goody,Goody,3,0,remote-first,design|engineering|marketing,backed-by-index-ventures,2026-09-10
gotion,Gotion,3,0,onsite-leaning,engineering,early-career,2026-09-10
goveagle,GovEagle,2,0,onsite-leaning,other|sales,yc-w23,2026-09-10
graco,Graco,8,0,onsite-leaning,engineering|other,early-career,2026-09-10
graphcore,Graphcore,1,0,,engineering,austin|early-career|new-this-week,2026-09-10
graphite,Graphite,7,0,onsite-leaning,engineering,a16z-portfolio|devtools-infra|new-york,2026-09-10
great-american-insurance-company,Great American Insurance Company,12,0,onsite-leaning,engineering|operations|other|sales,early-career|remote,2026-09-10
greenboard,Greenboard,4,0,onsite-leaning,engineering|other,backed-by-general-catalyst|yc-w24,2026-09-10
greenlight,Greenlight,16,1,hybrid-friendly,design|engineering|marketing|operations|other|sales,a16z-portfolio|new-this-week|remote,2026-09-10
gremlin,Gremlin,3,0,remote-first,engineering,backed-by-index-ventures,2026-09-10
gritt-robotics-inc,Gritt Robotics Inc,4,0,onsite-leaning,engineering,early-career,2026-09-10
group-1001,Group 1001,1,0,onsite-leaning,other,early-career,2026-09-10
grvty,GRVTY,2,0,onsite-leaning,other,early-career|new-this-week,2026-09-10
guidehouse,Guidehouse,14,0,onsite-leaning,engineering|operations|other,early-career,2026-09-10
gusto,Gusto,92,0,onsite-leaning,design|engineering|marketing|operations|other|product|research|sales,backed-by-general-catalyst,2026-09-10
h1,H1,16,0,hybrid-friendly,engineering|operations|other|product|research|sales,backed-by-general-catalyst,2026-09-10
hackerrank,HackerRank,29,0,onsite-leaning,design|engineering|operations|other|sales,backed-by-khosla-ventures,2026-09-10
hadrian,Hadrian,145,0,onsite-leaning,design|engineering|operations|other|product|research|sales,a16z-portfolio|aero-space|early-career|hiring-in-volume|los-angeles|new-this-week|remote,2026-09-10
halliday,Halliday,2,0,onsite-leaning,engineering,a16z-portfolio|crypto-web3,2026-09-10
halluminate,Halluminate,9,0,onsite-leaning,engineering|operations|research,yc-s25,2026-09-10
halter,Halter,238,0,hybrid-friendly,design|engineering|marketing|operations|other|product|research|sales,backed-by-bessemer-ventures,2026-09-10
hamming-ai,Hamming AI,5,0,onsite-leaning,engineering|sales,yc-s24,2026-09-10
happyrobot,HappyRobot,74,12,onsite-leaning,design|engineering|marketing|operations|other|sales,a16z-portfolio|enterprise-b2b|founding-roles|london|new-this-week|new-york|remote,2026-09-10
harmonic,Harmonic,10,0,onsite-leaning,engineering|research,backed-by-index-ventures,2026-09-10
harmony,Harmony,9,0,hybrid-friendly,product|sales,backed-by-lightspeed,2026-09-10
harper,Harper,27,0,onsite-leaning,engineering|marketing|operations|product|sales,yc-w25,2026-09-10
harvey,Harvey,330,19,onsite-leaning,design|engineering|marketing|operations|other|product|research|sales,a16z-portfolio|backed-by-gv|backed-by-kleiner-perkins|backed-by-sequoia-capital|enterprise-b2b|founding-roles|hiring-in-volume|london|new-this-week|new-york|remote,2026-09-10
hatch,Hatch,12,0,hybrid-friendly,engineering|marketing|other|sales,backed-by-bessemer-ventures,2026-09-10
hcompany,HCompany,1,0,onsite-leaning,research,early-career,2026-09-10
headlands-tech-holdings,Headlands Tech Holdings,1,0,onsite-leaning,research,early-career,2026-09-10
headspace-health,Headspace Health,8,0,remote-first,marketing|other,backed-by-khosla-ventures,2026-09-10
headway,Headway,86,1,hybrid-friendly,design|engineering|marketing|operations|other|product|sales,a16z-portfolio|new-this-week|new-york|remote|seattle,2026-09-10
healthtech-1,Healthtech 1,4,0,onsite-leaning,engineering|operations|sales,yc-s23,2026-09-10
hebbia-ai,Hebbia AI,23,1,onsite-leaning,engineering|operations|other|research|sales,a16z-portfolio|new-york,2026-09-10
hedra,Hedra,8,1,onsite-leaning,engineering|marketing|operations|research|sales,a16z-portfolio|ai-infra|backed-by-abstract-ventures|games-entertainment,2026-09-10
helion,Helion,84,0,onsite-leaning,design|engineering|marketing|operations|other|research,backed-by-lightspeed,2026-09-10
hello-heart,Hello Heart,11,0,hybrid-friendly,engineering|marketing|operations|other|product|research|sales,backed-by-khosla-ventures,2026-09-10
helsing,Helsing,148,0,onsite-leaning,design|engineering|marketing|operations|other|product|research,backed-by-general-catalyst,2026-09-10
hendrick-motorsports,Hendrick Motorsports,8,0,onsite-leaning,design|engineering|operations,early-career,2026-09-10
hercules,Hercules,24,0,hybrid-friendly,engineering|marketing|operations|product|sales,a16z-portfolio|devtools-infra|remote,2026-09-10
hermeus,Hermeus,90,0,onsite-leaning,design|engineering|marketing|operations|other,backed-by-khosla-ventures,2026-09-10
heron-power,Heron Power,43,0,onsite-leaning,design|engineering|operations|other|product|sales,a16z-portfolio|early-career|energy-climate|new-this-week,2026-09-10
hewlett-packard,Hewlett Packard,41,0,onsite-leaning,product,austin|early-career,2026-09-10
hewlett-packard-enterprise,Hewlett Packard Enterprise,33,0,onsite-leaning,design|engineering|operations|other|product|research|sales,early-career,2026-09-10
highlight,Highlight,7,0,onsite-leaning,design|engineering|operations,backed-by-general-catalyst,2026-09-10
hilbert,Hilbert,8,0,hybrid-friendly,engineering|marketing|operations,a16z-portfolio|enterprise-b2b|london|remote,2026-09-10
hilcorp,Hilcorp,4,0,onsite-leaning,operations,early-career,2026-09-10
hipp-health,Hipp Health,1,0,remote-first,engineering,early-career|remote|remote-first,2026-09-10
hippocratic-ai,Hippocratic AI,34,0,hybrid-friendly,engineering|marketing|operations|other|research|sales,a16z-portfolio|backed-by-general-catalyst|health-bio|remote|seattle,2026-09-10
hire-hangar,Hire Hangar,3,1,hybrid-friendly,other|sales,early-career|new-this-week|remote,2026-09-10
hitachi,Hitachi,128,0,onsite-leaning,design|engineering|marketing|operations|other|product|research|sales,early-career|hiring-in-volume|london|miami|remote,2026-09-10
hive,Hive,76,0,onsite-leaning,design|engineering|marketing|operations|product|sales,backed-by-general-catalyst,2026-09-10
hiverge,Hiverge,1,0,onsite-leaning,research,early-career,2026-09-10
hockeystack,HockeyStack,2,0,onsite-leaning,engineering,backed-by-bessemer-ventures|backed-by-general-catalyst|yc-s23,2026-09-10
homebase,Homebase,20,0,onsite-leaning,engineering|marketing|operations|other|product|research|sales,backed-by-khosla-ventures,2026-09-10
homebound,Homebound,11,0,hybrid-friendly,design|engineering|operations|other|product|sales,backed-by-khosla-ventures,2026-09-10
hometap,Hometap,6,0,hybrid-friendly,engineering|operations|other|sales,backed-by-general-catalyst,2026-09-10
hone-health,Hone Health,1,0,remote-first,engineering,early-career|remote|remote-first,2026-09-10
honey-homes,Honey Homes,27,0,onsite-leaning,engineering|marketing|operations|sales,backed-by-khosla-ventures,2026-09-10
honor,Honor,15,1,hybrid-friendly,engineering|other|sales,a16z-portfolio|new-this-week|remote,2026-09-10
hook,Hook,4,0,hybrid-friendly,design|marketing|operations|sales,backed-by-khosla-ventures|backed-by-lightspeed,2026-09-10
house-rx,House Rx,17,0,hybrid-friendly,engineering|operations|product,backed-by-khosla-ventures,2026-09-10
housecall-pro,Housecall Pro,41,0,onsite-leaning,design|engineering|marketing|operations|other|product|sales,backed-by-general-catalyst,2026-09-10
hubs-is,Hubs.is,1,0,remote-first,other,early-career|remote|remote-first,2026-09-10
hudson-river-trading,Hudson River Trading,8,0,onsite-leaning,engineering|operations,austin|early-career|london|new-york,2026-09-10
human-archive,Human Archive,20,0,onsite-leaning,engineering|marketing|operations|research|sales,yc-w26,2026-09-10
hyde,Hyde,5,0,onsite-leaning,engineering|research|sales,backed-by-general-catalyst,2026-09-10
hypercubic,Hypercubic,2,0,onsite-leaning,engineering|other,yc-f25,2026-09-10
hyperexponential,hyperexponential,22,4,onsite-leaning,engineering|marketing|operations|other|sales,a16z-portfolio|enterprise-b2b|new-this-week,2026-09-10
hyperscience,Hyperscience,1,0,remote-first,engineering,backed-by-bessemer-ventures,2026-09-10
hypersonica,Hypersonica,41,0,onsite-leaning,design|engineering|marketing|operations|other|sales,backed-by-general-catalyst,2026-09-10
iambic-therapeutics,Iambic Therapeutics,23,0,onsite-leaning,engineering|operations|other|research,backed-by-sequoia-capital,2026-09-10
iceye,ICEYE,190,0,onsite-leaning,design|engineering|marketing|operations|other|sales,backed-by-general-catalyst,2026-09-10
icf-international,ICF International,4,0,onsite-leaning,engineering|marketing|other|research,early-career,2026-09-10
ideogram,Ideogram,3,1,onsite-leaning,marketing|other|sales,a16z-portfolio|ai-infra|backed-by-index-ventures|founding-roles|new-york,2026-09-10
idex,IDEX,4,0,onsite-leaning,engineering,early-career,2026-09-10
iheartmedia,iHeartMedia,3,0,onsite-leaning,other|research,early-career,2026-09-10
illumio,Illumio,65,4,onsite-leaning,design|engineering|marketing|operations|other|product|sales,a16z-portfolio|backed-by-general-catalyst|enterprise-b2b|london|new-this-week|remote,2026-09-10
imc-trading,IMC Trading,34,0,onsite-leaning,engineering|other|research,early-career|london,2026-09-10
impiricus,Impiricus,1,0,remote-first,other,early-career|remote|remote-first,2026-09-10
imply,Imply,5,0,onsite-leaning,engineering|product|sales,backed-by-khosla-ventures,2026-09-10
imprint,Imprint,25,0,hybrid-friendly,design|engineering|marketing|operations|other|sales,backed-by-kleiner-perkins,2026-09-10
improbable,Improbable,12,0,remote-first,design|engineering|marketing|operations|other|research,a16z-portfolio|founding-roles|games-entertainment|london|new-this-week|remote|remote-first,2026-09-10
inceptive,Inceptive,10,0,onsite-leaning,design|engineering|other|sales,a16z-portfolio,2026-09-10
incident-io,incident.io,25,0,onsite-leaning,engineering|marketing|operations|other|sales,backed-by-index-ventures,2026-09-10
inductive-bio,Inductive Bio,7,0,onsite-leaning,engineering|other|sales,a16z-portfolio|health-bio|new-this-week|new-york,2026-09-10
ineffable-intelligence,Ineffable Intelligence,2,0,onsite-leaning,engineering|research,backed-by-index-ventures|backed-by-lightspeed,2026-09-10
inertia,Inertia,9,0,onsite-leaning,design|engineering|operations|other,backed-by-bessemer-ventures,2026-09-10
inferact,Inferact,23,0,onsite-leaning,design|engineering|marketing|operations,a16z-portfolio|ai-infra|founding-roles|new-this-week|remote,2026-09-10
infinite-machine,Infinite Machine,2,0,onsite-leaning,design|other,a16z-portfolio|new-york|robotics-hardware,2026-09-10
infinitus-systems,Infinitus Systems,8,1,hybrid-friendly,engineering|operations|other|product|sales,a16z-portfolio|backed-by-gv|backed-by-kleiner-perkins|health-bio|remote,2026-09-10
infisical,Infisical,10,0,remote-first,design|engineering|marketing|operations|sales,yc-w23,2026-09-10
infragrid,Infragrid,3,0,hybrid-friendly,engineering,early-career|fintech|remote|speedrun-companies,2026-09-10
inkeep,Inkeep,3,0,onsite-leaning,engineering|marketing,backed-by-khosla-ventures|yc-w23,2026-09-10
inkitt,Inkitt,10,0,onsite-leaning,design|engineering|marketing|operations|other|product,backed-by-khosla-ventures,2026-09-10
innate,Innate,4,0,onsite-leaning,engineering|marketing|operations,yc-f24,2026-09-10
inngest,Inngest,1,0,remote-first,engineering,a16z-portfolio|devtools-infra|remote|remote-first,2026-09-10
insitro,Insitro,15,0,onsite-leaning,engineering|operations|other|research,a16z-portfolio|backed-by-gv|health-bio,2026-09-10
instabase,Instabase,4,0,onsite-leaning,engineering|operations,a16z-portfolio|early-career|new-this-week|remote,2026-09-10
instacart,Instacart,104,0,remote-first,design|engineering|marketing|operations|other|product|research|sales,backed-by-general-catalyst|backed-by-khosla-ventures,2026-09-10
instalily,InstaLILY,2,0,onsite-leaning,engineering|sales,early-career|new-york,2026-09-10
instawork,Instawork,9,0,onsite-leaning,operations|other|sales,early-career,2026-09-10
instead,Instead,1,0,onsite-leaning,engineering,early-career,2026-09-10
institute-of-foundation-models,Institute of Foundation Models,4,0,onsite-leaning,engineering|research,early-career|new-this-week,2026-09-10
instride-health,InStride Health,14,0,remote-first,engineering|marketing|operations|other|research|sales,backed-by-general-catalyst,2026-09-10
intangible,Intangible,4,0,hybrid-friendly,design|engineering|other,games-entertainment|remote|speedrun-companies,2026-09-10
integra-fec,Integra FEC,8,0,onsite-leaning,engineering|other|research|sales,austin|early-career,2026-09-10
integrity,Integrity,4,0,onsite-leaning,other|research,early-career,2026-09-10
intel,Intel,42,0,onsite-leaning,design|engineering|marketing|operations|other|research,early-career,2026-09-10
interdigital,Interdigital,4,0,onsite-leaning,marketing|other|research,early-career,2026-09-10
intro,Intro,9,0,hybrid-friendly,design|engineering|marketing,a16z-portfolio|consumer-social|founding-roles|remote,2026-09-10
invopop,Invopop,5,0,onsite-leaning,engineering|other|sales,yc-w23,2026-09-10
inworld-ai,Inworld AI,19,0,onsite-leaning,engineering|marketing|operations|product|research|sales,backed-by-kleiner-perkins|backed-by-lightspeed,2026-09-10
iqvia,IQVIA,40,0,onsite-leaning,engineering|operations|other|research|sales,early-career,2026-09-10
iron-mountain,Iron Mountain,6,0,onsite-leaning,engineering|other,early-career,2026-09-10
ironclad,Ironclad,34,0,onsite-leaning,design|engineering|operations|other|product|sales,backed-by-sequoia-capital,2026-09-10
iru,Iru,27,0,onsite-leaning,design|engineering|marketing|operations|other|sales,backed-by-general-catalyst,2026-09-10
ivy-tech-community-college,Ivy Tech Community College,7,0,onsite-leaning,marketing|other,early-career,2026-09-10
jabil,Jabil,11,0,onsite-leaning,design|engineering|operations|other,early-career,2026-09-10
jain-global,Jain Global,8,0,onsite-leaning,engineering|operations|other|research,early-career|london,2026-09-10
jasper,Jasper,7,0,remote-first,engineering|marketing|operations,backed-by-bessemer-ventures|backed-by-general-catalyst,2026-09-10
jeeves,Jeeves,73,17,hybrid-friendly,design|engineering|operations|other|product|sales,a16z-portfolio|early-career|london|new-this-week|remote,2026-09-10
jefferson-health,Jefferson Health,3,0,onsite-leaning,other,early-career,2026-09-10
jimmy-choo,Jimmy Choo,2,0,onsite-leaning,other,early-career,2026-09-10
jinba,Jinba,9,0,onsite-leaning,design|engineering|operations|other,yc-w26,2026-09-10
jingdong,JINGDONG,53,0,onsite-leaning,engineering|marketing|operations|other|product|sales,early-career,2026-09-10
johnson-controls,Johnson Controls,54,0,onsite-leaning,engineering|operations|other,early-career,2026-09-10
johnson-johnson,Johnson & Johnson,61,0,onsite-leaning,design|engineering|marketing|operations|other|research,early-career,2026-09-10
jones-lang-lasalle,Jones Lang LaSalle,71,0,onsite-leaning,other,austin|boston|early-career|london|los-angeles|miami|new-york,2026-09-10
judi-health,Judi Health,126,0,onsite-leaning,design|engineering|marketing|operations|other|product|research|sales,backed-by-general-catalyst,2026-09-10
julius-ai,Julius AI,1,0,onsite-leaning,engineering,early-career,2026-09-10
jump-trading,Jump Trading,34,0,onsite-leaning,engineering|operations|other|research,early-career|london|new-this-week,2026-09-10
justworks,Justworks,96,0,onsite-leaning,design|engineering|marketing|operations|other|product|sales,backed-by-index-ventures,2026-09-10
k-id,k-ID,10,0,hybrid-friendly,design|engineering|marketing|operations|other|product,a16z-portfolio|backed-by-lightspeed|early-career|games-entertainment|new-this-week|remote,2026-09-10
kabam,Kabam,1,0,remote-first,other,early-career|remote|remote-first,2026-09-10
kaizen-labs,Kaizen Labs,19,0,onsite-leaning,design|engineering|marketing|operations|sales,a16z-portfolio|defense|founding-roles|new-this-week|new-york,2026-09-10
kalshi,Kalshi,44,0,onsite-leaning,design|engineering|marketing|operations|other|product|research|sales,a16z-portfolio|backed-by-paradigm|backed-by-sequoia-capital|early-career|fintech|new-this-week|new-york|remote,2026-09-10
kantar,Kantar,2,0,onsite-leaning,operations|other,early-career,2026-09-10
kanu-ai,Kanu AI,1,0,onsite-leaning,engineering,devtools-infra|seattle|speedrun-companies,2026-09-10
karius,Karius,19,0,hybrid-friendly,engineering|marketing|operations|other|research,backed-by-general-catalyst|backed-by-khosla-ventures,2026-09-10
kastle,Kastle,13,0,onsite-leaning,engineering|operations|other|product|sales,yc-s24,2026-09-10
kayak,KAYAK,40,0,onsite-leaning,design|engineering|marketing|operations|other|product,backed-by-general-catalyst,2026-09-10
kbr,KBR,18,0,onsite-leaning,engineering|other,early-career,2026-09-10
kemper,Kemper,2,0,onsite-leaning,other,early-career,2026-09-10
kensington,Kensington,1,0,onsite-leaning,operations,early-career,2026-09-10
kepler-communications,Kepler Communications,2,0,onsite-leaning,design|engineering,early-career,2026-09-10
keycard,Keycard,7,1,remote-first,engineering|product|sales,a16z-portfolio|devtools-infra|new-this-week|remote|remote-first,2026-09-10
kiddom,Kiddom,8,0,hybrid-friendly,engineering|marketing|operations|product|sales,backed-by-khosla-ventures,2026-09-10
kiloforge,KiloForge,1,0,onsite-leaning,engineering,devtools-infra|founding-roles|speedrun-companies,2026-09-10
kindred,Kindred,7,0,remote-first,design|engineering|marketing|sales,a16z-portfolio|backed-by-bessemer-ventures|backed-by-index-ventures|consumer-social|remote|remote-first,2026-09-10
kinetic-systems,Kinetic Systems,1,0,onsite-leaning,engineering,early-career,2026-09-10
kla,KLA,1,0,onsite-leaning,engineering,early-career,2026-09-10
kla-corporation,KLA Corporation,4,0,onsite-leaning,design|operations|other,early-career,2026-09-10
knownwell,knownwell,12,0,onsite-leaning,operations|other|research,a16z-portfolio|boston|new-this-week|new-york|remote,2026-09-10
kobo,Kobo,2,0,onsite-leaning,engineering|other,early-career,2026-09-10
kobold-metals,KoBold Metals,36,0,remote-first,engineering|operations|other|research|sales,a16z-portfolio|new-this-week|remote|remote-first,2026-09-10
kodex,Kodex,5,1,remote-first,engineering|operations|sales,a16z-portfolio|boston|defense|new-this-week|remote|remote-first,2026-09-10
kognitos,Kognitos,8,0,onsite-leaning,engineering|marketing|sales,backed-by-khosla-ventures,2026-09-10
komodo-health,Komodo Health,31,0,onsite-leaning,engineering|operations|other|product|research|sales,a16z-portfolio|new-this-week|new-york|remote,2026-09-10
kong,Kong,65,12,hybrid-friendly,engineering|marketing|operations|other|product|sales,a16z-portfolio|backed-by-index-ventures|devtools-infra|london|new-this-week|remote,2026-09-10
kos-ai,kos.ai,1,0,onsite-leaning,engineering,early-career,2026-09-10
kraken-robotics,Kraken Robotics,1,0,onsite-leaning,operations,early-career,2026-09-10
krea-ai,krea.ai,12,2,onsite-leaning,engineering|operations|other|research|sales,a16z-portfolio|backed-by-abstract-ventures|devtools-infra|founding-roles,2026-09-10
labelbox,Labelbox,10,0,hybrid-friendly,engineering|operations|other|research,a16z-portfolio|early-career|remote,2026-09-10
ladder,Ladder,4,0,hybrid-friendly,marketing|operations,backed-by-general-catalyst|backed-by-lightspeed,2026-09-10
langchain,LangChain,107,0,hybrid-friendly,design|engineering|marketing|operations|other|research|sales,backed-by-sequoia-capital,2026-09-10
langfuse,Langfuse,7,0,onsite-leaning,engineering|marketing,backed-by-lightspeed,2026-09-10
lassie,Lassie,16,1,onsite-leaning,design|engineering|marketing|operations|sales,a16z-portfolio|founding-roles|health-bio,2026-09-10
latent,Latent,19,0,onsite-leaning,design|engineering|marketing|operations|other|product|research|sales,yc-w23,2026-09-10
later,Later,2,0,onsite-leaning,other,early-career,2026-09-10
lattice,Lattice,8,0,remote-first,engineering|other|product|sales,backed-by-khosla-ventures,2026-09-10
layer-health,Layer Health,14,0,onsite-leaning,engineering|operations|other|research|sales,backed-by-general-catalyst,2026-09-10
layerzero-labs,LayerZero Labs,10,0,onsite-leaning,engineering|operations|sales,a16z-portfolio|new-this-week,2026-09-10
lead-bank,Lead Bank,14,0,hybrid-friendly,engineering|operations|other|product|sales,backed-by-khosla-ventures,2026-09-10
lean-technologies,Lean Technologies,3,0,onsite-leaning,engineering|other,backed-by-general-catalyst,2026-09-10
legora,Legora,282,0,onsite-leaning,design|engineering|marketing|operations|other|product|research|sales,backed-by-bessemer-ventures,2026-09-10
lekondo,Lekondo,2,0,onsite-leaning,engineering,consumer-social|founding-roles|new-york|speedrun-companies,2026-09-10
lemon-markets,lemon.markets,18,0,onsite-leaning,engineering|operations|other|sales,backed-by-lightspeed,2026-09-10
leona-health,Leona Health,5,0,hybrid-friendly,design|engineering|marketing|product,a16z-portfolio|health-bio|remote,2026-09-10
leonardo,Leonardo,6,0,onsite-leaning,operations|other,early-career,2026-09-10
lessen,Lessen,53,0,hybrid-friendly,operations|other|sales,backed-by-general-catalyst|backed-by-khosla-ventures,2026-09-10
lexisnexis-legal-professional,LexisNexis Legal & Professional,3,1,onsite-leaning,operations|other|sales,early-career,2026-09-10
lexisnexis-risk-solutions,LexisNexis Risk Solutions,4,0,onsite-leaning,design|engineering,early-career,2026-09-10
liberty-university,Liberty University,3,0,hybrid-friendly,engineering|operations|other,early-career|remote,2026-09-10
lido,Lido,1,0,onsite-leaning,engineering,a16z-portfolio|backed-by-paradigm|crypto-web3,2026-09-10
life-church,Life.Church,2,0,onsite-leaning,other,early-career,2026-09-10
lightfield,Lightfield,22,0,onsite-leaning,engineering|marketing|operations|product|sales,backed-by-greylock-partners|backed-by-lightspeed,2026-09-10
lightguide-inc,"LightGuide, Inc.",2,0,onsite-leaning,engineering|product,early-career,2026-09-10
lightning-ai,Lightning AI,53,0,onsite-leaning,design|engineering|operations|other|product|research|sales,backed-by-index-ventures,2026-09-10
lightspark,Lightspark,3,0,hybrid-friendly,engineering|operations,a16z-portfolio|backed-by-paradigm|fintech|new-this-week|remote,2026-09-10
lila-sciences,Lila Sciences,116,0,onsite-leaning,engineering|marketing|operations|other|product|research|sales,backed-by-general-catalyst,2026-09-10
lilt,Lilt,7,0,onsite-leaning,engineering|operations|other,backed-by-sequoia-capital,2026-09-10
limbic,Limbic,6,0,hybrid-friendly,engineering|marketing|other|product,backed-by-khosla-ventures,2026-09-10
limelight-steel,Limelight Steel,1,0,onsite-leaning,other,backed-by-khosla-ventures,2026-09-10
linear,Linear,29,0,remote-first,design|engineering|marketing|operations|other|product|sales,backed-by-index-ventures|backed-by-sequoia-capital,2026-09-10
linero,Linero,17,0,onsite-leaning,design|engineering|operations|product|sales,backed-by-khosla-ventures,2026-09-10
lingo-dev,Lingo.dev,3,0,remote-first,engineering|marketing|other,yc-f24,2026-09-10
link,Link,1,0,onsite-leaning,operations,early-career,2026-09-10
lio,Lio,19,2,onsite-leaning,engineering|operations|other|sales,a16z-portfolio|backed-by-lightspeed|early-career|enterprise-b2b|new-york|remote,2026-09-10
liquid,Liquid,2,0,onsite-leaning,engineering|sales,backed-by-general-catalyst,2026-09-10
listen-labs,Listen Labs,34,0,onsite-leaning,engineering|marketing|operations|other|sales,backed-by-sequoia-capital,2026-09-10
litellm,LiteLLM,12,0,onsite-leaning,engineering|operations|sales,yc-w23,2026-09-10
literati,Literati,2,0,hybrid-friendly,other|sales,backed-by-general-catalyst,2026-09-10
lithic,Lithic,8,0,hybrid-friendly,engineering|operations|other|sales,backed-by-index-ventures,2026-09-10
littelfuse,Littelfuse,9,0,onsite-leaning,engineering|other,early-career,2026-09-10
live-nation-entertainment,Live Nation Entertainment,6,0,onsite-leaning,marketing|operations|other,early-career,2026-09-10
liveflow,LiveFlow,1,0,onsite-leaning,engineering,early-career,2026-09-10
livekit,LiveKit,31,0,remote-first,engineering|marketing|operations|other|product|research|sales,backed-by-index-ventures,2026-09-10
llamaindex,LlamaIndex,14,0,onsite-leaning,engineering|marketing|operations|other|product|research|sales,backed-by-greylock-partners,2026-09-10
logz-io,Logz.io,2,0,onsite-leaning,sales,backed-by-general-catalyst,2026-09-10
loula,Loula,122,0,onsite-leaning,other,yc-w23,2026-09-10
loyal,Loyal,6,0,remote-first,operations|other|research,backed-by-khosla-ventures,2026-09-10
lucis,Lucis,12,0,onsite-leaning,design|engineering|operations|other|sales,backed-by-general-catalyst|yc-x25,2026-09-10
luma-ai,Luma AI,45,4,onsite-leaning,design|engineering|marketing|operations|other|product|research|sales,a16z-portfolio|london|los-angeles|new-this-week|new-york|remote,2026-09-10
lumentum,Lumentum,8,0,onsite-leaning,design|engineering|other,early-career,2026-09-10
luminai,Luminai,15,0,onsite-leaning,design|engineering|marketing|operations|other|product|sales,backed-by-general-catalyst,2026-09-10
luvu,Luvu,2,0,onsite-leaning,engineering|research,ai-infra|founding-roles|speedrun-companies,2026-09-10
macroscope,Macroscope,9,0,onsite-leaning,design|engineering|marketing|operations|sales,backed-by-lightspeed,2026-09-10
maestro,Maestro,2,0,onsite-leaning,design|engineering,austin|consumer-social|founding-roles|speedrun-companies,2026-09-10
magentic,Magentic,7,0,onsite-leaning,engineering|marketing|other|sales,backed-by-sequoia-capital,2026-09-10
magic-eden,Magic Eden,4,0,remote-first,design|operations,backed-by-greylock-partners|backed-by-lightspeed|backed-by-sequoia-capital,2026-09-10
magic-patterns,Magic Patterns,7,0,hybrid-friendly,design|engineering|marketing|sales,yc-w23,2026-09-10
magna,Magna,53,0,onsite-leaning,design|engineering|operations|other,early-career,2026-09-10
mainspring-energy,Mainspring Energy,85,0,onsite-leaning,design|engineering|operations|other|sales,backed-by-general-catalyst|backed-by-khosla-ventures,2026-09-10
management-leadership-for-tomorrow,Management Leadership for Tomorrow,3,0,hybrid-friendly,engineering|operations,a16z-portfolio|remote,2026-09-10
mandolin,Mandolin,5,0,onsite-leaning,engineering|product|sales,backed-by-greylock-partners,2026-09-10
manulife-financial,Manulife Financial,80,0,onsite-leaning,engineering|marketing|operations|other,boston|early-career,2026-09-10
margo,MARGO,3,0,onsite-leaning,engineering,early-career|london,2026-09-10
mariana-minerals,Mariana Minerals,71,0,onsite-leaning,design|engineering|operations|other|product,a16z-portfolio|energy-climate|new-this-week,2026-09-10
mark43,Mark43,31,0,onsite-leaning,design|engineering|marketing|operations|other|product|sales,backed-by-general-catalyst,2026-09-10
marmon-holdings,Marmon Holdings,5,0,onsite-leaning,engineering,early-career|remote,2026-09-10
marsh,Marsh,122,2,onsite-leaning,design|engineering|marketing|operations|other|research|sales,early-career|hiring-in-volume,2026-09-10
marshall-wace,Marshall Wace,5,0,onsite-leaning,other|research,early-career|london|new-york,2026-09-10
marvell,Marvell,20,0,onsite-leaning,design|engineering|other|research,early-career,2026-09-10
masco,Masco,1,0,onsite-leaning,design,early-career,2026-09-10
mass-general-brigham,Mass General Brigham,4,0,onsite-leaning,other|research,early-career,2026-09-10
mastercard,Mastercard,3,0,onsite-leaning,engineering|other,early-career,2026-09-10
mastra,Mastra,3,0,remote-first,design|engineering|sales,yc-w25,2026-09-10
material-bank,Material Bank,13,0,hybrid-friendly,design|engineering|marketing|operations|other|research|sales,backed-by-general-catalyst,2026-09-10
material-security,Material Security,5,1,remote-first,engineering|other|sales,a16z-portfolio|backed-by-abstract-ventures|backed-by-south-park-commons|devtools-infra|remote|remote-first,2026-09-10
matik,Matik,1,0,remote-first,marketing,a16z-portfolio|remote|remote-first,2026-09-10
matter-labs,Matter Labs,5,2,remote-first,engineering|sales,a16z-portfolio|backed-by-union-square-ventures|crypto-web3|london|new-york|remote|remote-first,2026-09-10
maven-clinic,Maven Clinic,33,0,remote-first,design|engineering|marketing|operations|other|product|research|sales,backed-by-general-catalyst,2026-09-10
maven-securities,Maven Securities,10,0,onsite-leaning,engineering|operations|research,early-career|london|new-this-week,2026-09-10
maxima,Maxima,1,0,onsite-leaning,engineering,early-career,2026-09-10
maze-therapeutics,Maze Therapeutics,10,0,onsite-leaning,operations|other,backed-by-general-catalyst,2026-09-10
mckesson,McKesson,23,0,onsite-leaning,design|engineering|marketing|operations|other,early-career|remote,2026-09-10
mcmaster-carr,McMaster-Carr,1,0,onsite-leaning,operations,early-career,2026-09-10
medeloop,Medeloop,2,0,remote-first,engineering|other,backed-by-general-catalyst,2026-09-10
medely,Medely,4,0,remote-first,product|sales,backed-by-general-catalyst,2026-09-10
medical-college-of-wisconsin,Medical College of Wisconsin,4,0,onsite-leaning,marketing|operations|research,early-career|remote,2026-09-10
medical-informatics-engineering,Medical Informatics Engineering,1,0,onsite-leaning,other,early-career,2026-09-10
meds,Meds,1,0,onsite-leaning,design,austin|early-career,2026-09-10
medtronic,Medtronic,42,0,onsite-leaning,engineering|marketing|operations|other,early-career|london,2026-09-10
melio,Melio,23,0,onsite-leaning,design|engineering|operations|other|product|sales,backed-by-general-catalyst,2026-09-10
melius,Melius,8,0,onsite-leaning,design|engineering|marketing|sales,backed-by-general-catalyst,2026-09-10
mem0,Mem0,4,0,onsite-leaning,engineering|research,yc-s24,2026-09-10
menasha-corporation,Menasha Corporation,11,0,onsite-leaning,design|engineering|other,early-career,2026-09-10
menlo-security,Menlo Security,18,0,hybrid-friendly,design|engineering|operations|other|sales,backed-by-general-catalyst,2026-09-10
mercer-university,Mercer University,14,0,onsite-leaning,marketing|operations|other|research,early-career,2026-09-10
merck,Merck,187,0,onsite-leaning,engineering|marketing|operations|other|research|sales,early-career|hiring-in-volume,2026-09-10
mercor,Mercor,102,0,onsite-leaning,design|engineering|marketing|operations|other|product|research|sales,backed-by-general-catalyst,2026-09-10
mercura,Mercura,12,0,onsite-leaning,design|engineering|marketing|operations|sales,yc-w25,2026-09-10
meshy,Meshy,4,0,onsite-leaning,engineering|research,early-career,2026-09-10
metal,Metal,2,1,onsite-leaning,operations|sales,enterprise-b2b|speedrun-companies,2026-09-10
meter,Meter,47,0,onsite-leaning,engineering|marketing|operations|other|product|sales,backed-by-general-catalyst|backed-by-sequoia-capital,2026-09-10
method,Method,10,2,onsite-leaning,design|engineering|operations|other|sales,a16z-portfolio|austin|backed-by-abstract-ventures|fintech|founding-roles|new-york,2026-09-10
method-security,Method Security,7,0,onsite-leaning,engineering|marketing|operations|sales,a16z-portfolio|backed-by-general-catalyst|defense|new-york,2026-09-10
meticulous,Meticulous,1,0,onsite-leaning,engineering,early-career|london,2026-09-10
middesk,Middesk,17,0,onsite-leaning,design|engineering|marketing|operations|product|sales,backed-by-sequoia-capital,2026-09-10
midstream-health,Midstream Health,5,0,hybrid-friendly,engineering|product|sales,a16z-portfolio|health-bio|remote,2026-09-10
mimica-automation,Mimica Automation,15,0,remote-first,engineering|marketing|operations|other|sales,backed-by-khosla-ventures,2026-09-10
mind-robotics,Mind Robotics,28,0,onsite-leaning,design|engineering|operations|research,a16z-portfolio|new-this-week|robotics-hardware,2026-09-10
minio,MinIO,21,0,remote-first,engineering|marketing|other|product|sales,backed-by-general-catalyst,2026-09-10
mintlify,Mintlify,19,4,onsite-leaning,design|engineering|marketing|operations|sales,a16z-portfolio|devtools-infra|new-york,2026-09-10
mirage,Mirage,11,0,onsite-leaning,design|engineering|marketing|operations|product|research,a16z-portfolio|backed-by-general-catalyst|backed-by-index-ventures|backed-by-kleiner-perkins|consumer-social|new-this-week,2026-09-10
mirelo-ai,Mirelo AI,8,0,onsite-leaning,design|engineering|marketing|operations|product|research,a16z-portfolio|ai-infra|founding-roles,2026-09-10
mirendil,Mirendil,11,0,onsite-leaning,design|engineering,a16z-portfolio|ai-infra,2026-09-10
miter,Miter,12,0,hybrid-friendly,design|engineering|operations|other|sales,backed-by-bessemer-ventures,2026-09-10
mixpanel,Mixpanel,83,23,hybrid-friendly,design|engineering|marketing|operations|other|sales,a16z-portfolio|austin|boston|london|los-angeles|new-this-week|new-york|remote|seattle,2026-09-10
mks-instruments,MKS Instruments,2,0,onsite-leaning,engineering|other,early-career,2026-09-10
modal-labs,Modal,31,0,onsite-leaning,design|engineering|marketing|operations|other|research|sales,backed-by-general-catalyst,2026-09-10
modernfi,ModernFi,8,0,hybrid-friendly,engineering|other|sales,a16z-portfolio|fintech|new-this-week|new-york|remote,2026-09-10
modus,Modus,12,0,onsite-leaning,engineering|marketing|other|product,backed-by-lightspeed,2026-09-10
moment,Moment,13,0,onsite-leaning,design|engineering|marketing|operations|research|sales,a16z-portfolio|backed-by-index-ventures|backed-by-lightspeed|fintech|new-york,2026-09-10
momentic,Momentic,4,0,onsite-leaning,engineering|marketing|sales,yc-w24,2026-09-10
momentum,Momentum,8,0,onsite-leaning,operations|other,early-career,2026-09-10
monolithic-power-systems,Monolithic Power Systems,34,0,onsite-leaning,design|engineering|marketing|operations|other|sales,early-career,2026-09-10
monzo,Monzo,68,0,hybrid-friendly,design|engineering|marketing|operations|other|product|research|sales,backed-by-general-catalyst,2026-09-10
moo,Moo,13,0,onsite-leaning,engineering|operations|other|sales,backed-by-index-ventures,2026-09-10
moog,Moog,12,0,onsite-leaning,design|engineering|operations|other,early-career|los-angeles,2026-09-10
morgan-stanley,Morgan Stanley,4,0,onsite-leaning,other,early-career,2026-09-10
morpho-labs,Morpho Labs,10,0,hybrid-friendly,engineering|marketing|operations|other|product|sales,a16z-portfolio|backed-by-paradigm|crypto-web3|new-this-week|new-york|remote,2026-09-10
moss-associates,Moss & Associates,6,0,onsite-leaning,other,early-career,2026-09-10
motherduck,MotherDuck,7,3,onsite-leaning,engineering|marketing|sales,a16z-portfolio|backed-by-felicis|devtools-infra|new-this-week|new-york|seattle,2026-09-10
motive,Motive,140,0,hybrid-friendly,design|engineering|marketing|operations|other|product|sales,backed-by-index-ventures,2026-09-10
motorola,Motorola,51,0,onsite-leaning,engineering|operations|other|sales,early-career|los-angeles|remote,2026-09-10
motorway,Motorway,18,0,onsite-leaning,design|engineering|marketing|operations|other,backed-by-index-ventures,2026-09-10
mthree,mthree,27,0,onsite-leaning,engineering|operations|other,early-career|new-this-week,2026-09-10
multiplier-holdings,Multiplier Holdings,9,0,onsite-leaning,engineering|operations|other,backed-by-lightspeed,2026-09-10
multiply,Multiply,1,0,onsite-leaning,other,backed-by-kleiner-perkins,2026-09-10
multiverse,Multiverse,22,0,onsite-leaning,engineering|marketing|operations|other|sales,backed-by-general-catalyst|backed-by-index-ventures|backed-by-lightspeed,2026-09-10
munari-labs,Munari Labs,4,0,onsite-leaning,engineering,founding-roles|robotics-hardware|speedrun-companies,2026-09-10
mutiny,Mutiny,10,0,onsite-leaning,design|engineering|marketing|operations|sales,backed-by-sequoia-capital,2026-09-10
mux,Mux,2,0,hybrid-friendly,engineering|operations,a16z-portfolio|devtools-infra|london|remote,2026-09-10
myheritage,MyHeritage,5,0,onsite-leaning,engineering|other,backed-by-index-ventures,2026-09-10
mysten-labs,Mysten Labs,2,0,remote-first,engineering|sales,a16z-portfolio|backed-by-lightspeed|crypto-web3|remote|remote-first,2026-09-10
n1,N1,4,0,onsite-leaning,engineering,early-career|new-york,2026-09-10
nace-ai,Nace.AI,15,0,onsite-leaning,design|engineering|marketing|operations|other|product|research,backed-by-general-catalyst,2026-09-10
nango,Nango,11,0,hybrid-friendly,engineering|marketing|other|product|sales,yc-w23,2026-09-10
nansen,Nansen,1,0,remote-first,engineering,a16z-portfolio|remote|remote-first,2026-09-10
nash,Nash,22,3,hybrid-friendly,design|engineering|marketing|operations|other|product|sales,a16z-portfolio|devtools-infra|new-this-week|remote,2026-09-10
national-laboratory-of-the-rockies,National Laboratory of the Rockies,16,0,onsite-leaning,engineering|marketing|operations|other|research,early-career|los-angeles,2026-09-10
nationgraph,NationGraph,1,0,onsite-leaning,engineering,early-career,2026-09-10
neighbor,Neighbor,12,0,onsite-leaning,engineering|marketing|other|product|sales,a16z-portfolio|early-career|founding-roles|new-this-week,2026-09-10
neko-health,Neko Health,107,0,onsite-leaning,design|engineering|marketing|operations|other|research,backed-by-general-catalyst|backed-by-lightspeed,2026-09-10
nelnet,Nelnet,6,0,onsite-leaning,design|engineering|operations|other,early-career,2026-09-10
neocognition,NeoCognition,1,0,onsite-leaning,research,early-career,2026-09-10
neon,Neon,5,0,hybrid-friendly,engineering|marketing|operations,backed-by-general-catalyst|backed-by-khosla-ventures|fintech|new-york|remote|speedrun-companies,2026-09-10
netic,Netic,28,0,onsite-leaning,design|engineering|marketing|operations|product|research|sales,backed-by-greylock-partners,2026-09-10
netlify,Netlify,1,0,remote-first,marketing,a16z-portfolio|remote|remote-first,2026-09-10
neuralink,Neuralink,20,0,onsite-leaning,engineering|operations|other,austin|early-career,2026-09-10
newsbreak,NewsBreak,7,0,onsite-leaning,engineering|marketing|operations|research|sales,early-career|new-this-week|remote,2026-09-10
nextdoor,Nextdoor,18,0,hybrid-friendly,design|engineering|other|product,backed-by-khosla-ventures,2026-09-10
nexus,Nexus,4,0,remote-first,engineering,backed-by-lightspeed,2026-09-10
nexxa-ai,Nexxa.ai,16,0,onsite-leaning,engineering|product|sales,enterprise-b2b|remote|speedrun-companies,2026-09-10
nidec,Nidec,13,0,onsite-leaning,design|engineering|marketing|operations|other,early-career,2026-09-10
nightwing-intelligence-solutions,Nightwing Intelligence Solutions,6,0,onsite-leaning,engineering|other|research,early-career,2026-09-10
nimblerx,NimbleRx,7,0,onsite-leaning,engineering,backed-by-khosla-ventures,2026-09-10
nio,Nio,5,0,onsite-leaning,engineering|other|research,early-career,2026-09-10
nirvana-insurance,Nirvana Insurance,6,0,onsite-leaning,engineering|operations|other|product,backed-by-general-catalyst|backed-by-lightspeed,2026-09-10
nissan-global,Nissan Global,10,0,onsite-leaning,engineering|marketing|operations|other|research,early-career,2026-09-10
niural,Niural,1,0,,operations,early-career|new-this-week|remote,2026-09-10
noda-ai,NODA AI,32,0,onsite-leaning,design|engineering|marketing|operations|other|product|sales,backed-by-bessemer-ventures,2026-09-10
nolla-health,Nolla Health,1,0,onsite-leaning,engineering,backed-by-general-catalyst,2026-09-10
nomagic,Nomagic,15,0,hybrid-friendly,engineering|operations|other|research|sales,backed-by-khosla-ventures,2026-09-10
nomic,Nomic,2,0,remote-first,engineering|product,a16z-portfolio|crypto-web3|remote|remote-first,2026-09-10
nooks,Nooks,50,0,onsite-leaning,design|engineering|marketing|operations|other|product|sales,backed-by-kleiner-perkins,2026-09-10
northwestern-mutual,Northwestern Mutual,7,0,onsite-leaning,other,early-career,2026-09-10
northwood-space,Northwood Space,84,0,onsite-leaning,design|engineering|marketing|operations|other|sales,a16z-portfolio|aero-space|early-career|los-angeles|new-this-week,2026-09-10
notable,Notable,10,0,onsite-leaning,design|engineering|marketing|operations|product|sales,backed-by-greylock-partners,2026-09-10
notion,Notion,129,0,onsite-leaning,design|engineering|marketing|operations|other|research|sales,backed-by-index-ventures|backed-by-sequoia-capital,2026-09-10
nova-credit,Nova Credit,10,0,hybrid-friendly,design|engineering|marketing|product|sales,backed-by-general-catalyst|backed-by-index-ventures,2026-09-10
novartis,Novartis,4,0,onsite-leaning,operations|other,early-career,2026-09-10
novellia,Novellia,9,0,hybrid-friendly,engineering|marketing|other|product|research|sales,backed-by-khosla-ventures,2026-09-10
nox-metals,Nox Metals,15,0,onsite-leaning,engineering|operations|other|sales,yc-s25,2026-09-10
nuclear-promise-x,Nuclear Promise X,1,0,onsite-leaning,other,early-career,2026-09-10
numeral,Numeral,22,0,hybrid-friendly,design|engineering|marketing|operations|other|product|sales,yc-w23,2026-09-10
nuna,Nuna,6,0,onsite-leaning,design|engineering|operations,backed-by-kleiner-perkins,2026-09-10
nuro,Nuro,2,0,onsite-leaning,engineering,early-career,2026-09-10
nvent,nVent,2,0,onsite-leaning,operations|other,early-career,2026-09-10
nvidia,NVIDIA,93,0,onsite-leaning,design|engineering|marketing|other|research,early-career,2026-09-10
nxp-semiconductors,NXP Semiconductors,113,0,onsite-leaning,design|engineering|marketing|operations|other|product|sales,early-career|hiring-in-volume,2026-09-10
occidental-petroleum,Occidental Petroleum,1,0,onsite-leaning,engineering,early-career,2026-09-10
odin-dynamics-inc,"Odin Dynamics, Inc",1,0,onsite-leaning,engineering,early-career|los-angeles,2026-09-10
odyssey,Odyssey,5,0,remote-first,engineering|operations|other,a16z-portfolio|enterprise-b2b|founding-roles|new-york|remote|remote-first,2026-09-10
offdeal,OffDeal,5,0,onsite-leaning,engineering|marketing|other,yc-w24,2026-09-10
offerup,OfferUp,9,2,onsite-leaning,design|engineering|marketing|operations|sales,a16z-portfolio|new-this-week|remote,2026-09-10
ohalo-genetics,Ohalo Genetics,9,0,onsite-leaning,operations|other|product|research|sales,backed-by-khosla-ventures,2026-09-10
okendo,Okendo,5,0,remote-first,engineering|operations,backed-by-index-ventures,2026-09-10
okta,Okta,315,0,,design|engineering|marketing|operations|other|product|research|sales,backed-by-khosla-ventures,2026-09-10
omada-health,Omada Health,18,0,remote-first,design|engineering|marketing|operations|other|research|sales,a16z-portfolio|remote|remote-first,2026-09-10
omers,OMERS,3,0,onsite-leaning,other,early-career,2026-09-10
omnea,Omnea,47,0,onsite-leaning,design|engineering|marketing|operations|other|product|sales,backed-by-khosla-ventures,2026-09-10
omni-design-technologies,Omni Design Technologies,2,0,onsite-leaning,design,early-career,2026-09-10
omnifold,Omnifold,11,0,onsite-leaning,engineering|marketing|other|research|sales,backed-by-lightspeed,2026-09-10
omnis,Omnis,1,0,onsite-leaning,engineering,early-career,2026-09-10
onebrief,Onebrief,24,0,hybrid-friendly,design|engineering|operations|other|product,backed-by-general-catalyst,2026-09-10
oneschema,OneSchema,2,0,onsite-leaning,engineering|product,backed-by-general-catalyst,2026-09-10
onyx,Onyx,4,0,onsite-leaning,engineering|sales,backed-by-khosla-ventures|yc-w24,2026-09-10
op-labs,OP Labs,8,1,hybrid-friendly,engineering|marketing|product|sales,a16z-portfolio|crypto-web3|new-this-week|new-york|remote,2026-09-10
opal,Opal,20,0,onsite-leaning,engineering|marketing|operations|product|sales,backed-by-greylock-partners,2026-09-10
openai,OpenAI,785,0,onsite-leaning,design|engineering|marketing|operations|other|product|research|sales,backed-by-khosla-ventures,2026-09-10
opengov,OpenGov,70,14,onsite-leaning,engineering|marketing|operations|other|sales,a16z-portfolio|enterprise-b2b|new-this-week,2026-09-10
openrouter,OpenRouter,23,2,remote-first,engineering|marketing|operations|product|research|sales,a16z-portfolio|ai-infra|remote|remote-first,2026-09-10
opensea,OpenSea,2,0,remote-first,design|engineering,a16z-portfolio|backed-by-paradigm|backed-by-sequoia-capital|crypto-web3|remote|remote-first,2026-09-10
openx,OpenX,7,0,hybrid-friendly,design|engineering|operations|other|sales,backed-by-index-ventures,2026-09-10
ophelia,Ophelia,12,0,onsite-leaning,marketing|operations|other|product,backed-by-general-catalyst,2026-09-10
optiver,Optiver,1,0,onsite-leaning,other,early-career,2026-09-10
opusclip,OpusClip,1,0,hybrid-friendly,product,early-career,2026-09-10
orb,Orb,22,0,onsite-leaning,design|engineering|marketing|operations|other|product|sales,backed-by-greylock-partners,2026-09-10
orchard-robotics,Orchard Robotics,25,0,onsite-leaning,design|engineering|operations|sales,backed-by-general-catalyst,2026-09-10
orchestra,Orchestra,3,0,onsite-leaning,engineering,a16z-portfolio|health-bio,2026-09-10
orennia,Orennia,1,0,onsite-leaning,other,early-career,2026-09-10
oscar-health,Oscar Health,289,0,onsite-leaning,design|engineering|marketing|operations|other|product|research|sales,backed-by-general-catalyst|backed-by-khosla-ventures,2026-09-10
osmind,Osmind,7,0,remote-first,engineering|operations|other|sales,backed-by-general-catalyst,2026-09-10
oso,Oso,7,0,onsite-leaning,engineering|marketing|other|sales,backed-by-sequoia-capital,2026-09-10
ossium-health,Ossium Health,7,0,onsite-leaning,operations|other,backed-by-general-catalyst,2026-09-10
outpost-technologies,Outpost Technologies,2,0,onsite-leaning,operations|research,early-career|london,2026-09-10
outset,Outset,17,0,onsite-leaning,design|engineering|operations|other|research|sales,yc-s23,2026-09-10
outsmart,Outsmart,6,0,onsite-leaning,design|engineering,backed-by-lightspeed,2026-09-10
overjet,Overjet,22,0,onsite-leaning,engineering|operations|other|product|sales,backed-by-general-catalyst,2026-09-10
pacific-fusion,Pacific Fusion,37,0,onsite-leaning,design|engineering|operations|other|research,backed-by-general-catalyst,2026-09-10
palantir,Palantir,74,0,onsite-leaning,design|engineering|other,early-career|london|new-york|seattle,2026-09-10
pallet,Pallet,16,0,onsite-leaning,engineering|marketing|operations|other|sales,backed-by-general-catalyst,2026-09-10
palmstreet,Palmstreet,6,0,remote-first,engineering|operations|sales,a16z-portfolio|consumer-social|remote|remote-first,2026-09-10
paradigm,Paradigm,8,0,onsite-leaning,engineering|marketing|operations,backed-by-general-catalyst|yc-w24,2026-09-10
parallel-web-systems,Parallel Web Systems,22,0,onsite-leaning,design|engineering|marketing|operations|research|sales,backed-by-index-ventures|backed-by-khosla-ventures,2026-09-10
parsons,Parsons,23,0,onsite-leaning,design|engineering|other,early-career,2026-09-10
partiful,Partiful,12,0,onsite-leaning,design|engineering|marketing|operations|other|sales,a16z-portfolio|backed-by-abstract-ventures|backed-by-gv|consumer-social|new-york,2026-09-10
patch,Patch,12,5,onsite-leaning,design|engineering|operations|sales,a16z-portfolio|energy-climate|london|new-this-week|remote,2026-09-10
pathai,PathAI,2,0,remote-first,engineering,backed-by-general-catalyst,2026-09-10
patreon,Patreon,9,0,onsite-leaning,design|engineering|marketing|operations|other,backed-by-index-ventures,2026-09-10
pave,Pave,17,1,onsite-leaning,engineering|operations|other|sales,a16z-portfolio|new-this-week,2026-09-10
paynearme,PayNearMe,7,0,remote-first,engineering|marketing|operations|other|product|sales,backed-by-khosla-ventures,2026-09-10
payrails,Payrails,1,0,onsite-leaning,operations,a16z-portfolio|backed-by-general-catalyst|fintech,2026-09-10
pdt-partners,PDT Partners,2,0,onsite-leaning,engineering,early-career|new-york,2026-09-10
pearl-health,Pearl Health,1,0,remote-first,operations,a16z-portfolio|health-bio|new-york|remote|remote-first,2026-09-10
pendulum,Pendulum,6,0,onsite-leaning,marketing|operations|other|research|sales,backed-by-khosla-ventures,2026-09-10
pennsylvania-state-university,Pennsylvania State University,40,0,onsite-leaning,engineering|marketing|operations|other|research|sales,early-career,2026-09-10
percepta,Percepta,12,0,onsite-leaning,engineering|operations|product|research,backed-by-general-catalyst,2026-09-10
periodic-labs,Periodic Labs,28,0,onsite-leaning,engineering|operations|other|research,a16z-portfolio|backed-by-felicis|backed-by-lightspeed|early-career|founding-roles|health-bio|new-this-week|remote,2026-09-10
permitflow,PermitFlow,42,0,onsite-leaning,design|engineering|marketing|operations|other|product|sales,backed-by-kleiner-perkins,2026-09-10
perpay,Perpay,7,0,onsite-leaning,engineering|operations|other,early-career,2026-09-10
perplexity-ai,Perplexity AI,113,0,onsite-leaning,design|engineering|marketing|operations|other|product|research|sales,backed-by-bessemer-ventures,2026-09-10
persona,Persona,18,0,onsite-leaning,design|engineering|operations|sales,backed-by-index-ventures,2026-09-10
phaidra,Phaidra,8,0,remote-first,operations|product|research|sales,backed-by-index-ventures,2026-09-10
phantom,Phantom,10,0,remote-first,design|engineering|marketing|operations|sales,a16z-portfolio|backed-by-lightspeed|backed-by-paradigm|crypto-web3|new-this-week|remote|remote-first,2026-09-10
pharos,Pharos,3,0,onsite-leaning,engineering|research,yc-s24,2026-09-10
philips,Philips,70,0,onsite-leaning,design|engineering|marketing|operations|other|research,early-career,2026-09-10
phinia,PHINIA,4,0,onsite-leaning,operations|other,early-career,2026-09-10
phlair,Phlair,2,0,onsite-leaning,engineering|marketing,early-career,2026-09-10
phonely,Phonely,19,0,onsite-leaning,engineering|marketing|operations|research|sales,yc-s24,2026-09-10
phonic,Phonic,1,0,onsite-leaning,research,early-career,2026-09-10
phylo,Phylo,10,1,onsite-leaning,engineering|operations|other|research|sales,a16z-portfolio|health-bio|remote,2026-09-10
physical-intelligence,Physical Intelligence,34,0,onsite-leaning,design|engineering|operations|other|product|research,backed-by-index-ventures,2026-09-10
physicsx,PhysicsX,40,0,onsite-leaning,engineering|marketing|operations|other|research|sales,backed-by-general-catalyst,2026-09-10
picogrid,Picogrid,19,0,onsite-leaning,engineering|marketing|operations|sales,backed-by-bessemer-ventures,2026-09-10
pika,Pika,10,0,onsite-leaning,engineering|marketing|operations|other|product|research,backed-by-lightspeed,2026-09-10
pilot,Pilot,12,0,hybrid-friendly,engineering|operations|sales,backed-by-index-ventures,2026-09-10
pimco,PIMCO,47,0,onsite-leaning,engineering|other,austin|early-career|london|new-york,2026-09-10
pindrop,Pindrop,17,2,remote-first,engineering|marketing|operations|other|product|research|sales,a16z-portfolio|early-career|new-this-week|remote|remote-first,2026-09-10
pinecone,Pinecone,6,0,hybrid-friendly,engineering|marketing,a16z-portfolio|ai-infra|new-york|remote,2026-09-10
ping-identity,Ping Identity,77,0,hybrid-friendly,design|engineering|marketing|operations|other|product|sales,backed-by-general-catalyst,2026-09-10
pingo,Pingo,1,0,onsite-leaning,engineering,yc-s25,2026-09-10
pingwind,PingWind,2,0,hybrid-friendly,engineering|operations,early-career|remote,2026-09-10
pirros,Pirros,4,0,onsite-leaning,engineering|other|sales,yc-w23,2026-09-10
pivot-robotics,Pivot Robotics,6,0,onsite-leaning,engineering,yc-w24,2026-09-10
pivotal-health,Pivotal Health,26,0,hybrid-friendly,engineering|marketing|operations|other,backed-by-bessemer-ventures,2026-09-10
plaid,Plaid,100,7,onsite-leaning,design|engineering|marketing|operations|other|product|sales,a16z-portfolio|backed-by-felicis|backed-by-gv|backed-by-index-ventures|fintech|hiring-in-volume|new-this-week|new-york|remote,2026-09-10
planetscale,PlanetScale,13,0,hybrid-friendly,design|engineering|marketing|operations|other|sales,a16z-portfolio|new-this-week|remote,2026-09-10
playstation,PlayStation,1,0,,engineering,early-career,2026-09-10
plume,Plume,2,0,remote-first,other|product,backed-by-general-catalyst,2026-09-10
pmg,PMG,13,0,onsite-leaning,design|engineering|marketing|other,early-career,2026-09-10
podium-automation,Podium Automation,6,0,onsite-leaning,operations|sales,a16z-portfolio|new-york|robotics-hardware,2026-09-10
point72,Point72,14,0,onsite-leaning,engineering|other|research,early-career|london|new-york,2026-09-10
pointfive,PointFive,10,0,onsite-leaning,engineering|marketing|operations|sales,backed-by-index-ventures,2026-09-10
pointone,PointOne,13,0,onsite-leaning,engineering|operations|other|sales,yc-w24,2026-09-10
polychain-capital,Polychain Capital,1,0,onsite-leaning,other,a16z-portfolio,2026-09-10
polygon-technology,Polygon Technology,3,0,remote-first,marketing|operations|other,backed-by-lightspeed,2026-09-10
polymarket,Polymarket,77,0,onsite-leaning,design|engineering|marketing|operations|other|product|sales,backed-by-general-catalyst,2026-09-10
polymath,Polymath,4,0,onsite-leaning,engineering|operations|research,yc-w26,2026-09-10
pomelo-care,Pomelo Care,65,0,onsite-leaning,design|engineering|marketing|operations|other|product|sales,a16z-portfolio|new-this-week|new-york|remote,2026-09-10
pony-ai,pony.ai,3,0,onsite-leaning,engineering|operations|research,early-career|new-this-week,2026-09-10
post,Post,4,0,remote-first,engineering|other,a16z-portfolio|consumer-social|remote|remote-first,2026-09-10
powerus,PowerUs,3,0,onsite-leaning,operations|sales,backed-by-general-catalyst,2026-09-10
prairie-view-a-m-university,Prairie View A&M University,4,0,onsite-leaning,other,early-career,2026-09-10
predictx,PredictX,1,0,onsite-leaning,engineering,early-career,2026-09-10
prefect,Prefect,8,0,remote-first,engineering|marketing|operations,backed-by-bessemer-ventures,2026-09-10
preference-model,Preference Model,6,0,onsite-leaning,engineering|operations|research,a16z-portfolio|ai-infra|backed-by-south-park-commons|new-this-week,2026-09-10
preql,Preql,4,0,hybrid-friendly,design|engineering|operations,backed-by-bessemer-ventures,2026-09-10
prime-intellect,Prime Intellect,1,0,onsite-leaning,other,early-career,2026-09-10
primer,Primer,27,0,onsite-leaning,design|engineering|marketing|operations|other|product|sales,backed-by-khosla-ventures,2026-09-10
primitive-labs,Primitive Labs,3,0,onsite-leaning,engineering|research,devtools-infra|founding-roles|speedrun-companies,2026-09-10
prior-labs,Prior Labs,2,0,onsite-leaning,operations|research,early-career,2026-09-10
probably-genetic,Probably Genetic,5,0,onsite-leaning,engineering|marketing|product|sales,backed-by-khosla-ventures,2026-09-10
probook,Probook,13,2,onsite-leaning,design|engineering|marketing|operations|other|sales,a16z-portfolio|enterprise-b2b|founding-roles|new-this-week,2026-09-10
procter-gamble,Procter & Gamble,177,0,onsite-leaning,design|engineering|marketing|operations|other|product|research|sales,early-career|hiring-in-volume,2026-09-10
profound,Profound,74,0,onsite-leaning,design|engineering|marketing|operations|other|research|sales,backed-by-kleiner-perkins|backed-by-lightspeed,2026-09-10
promise,Promise,3,0,onsite-leaning,other,a16z-portfolio|games-entertainment|los-angeles,2026-09-10
propel,Propel,10,0,remote-first,engineering|marketing|operations|other|product|sales,a16z-portfolio|backed-by-kleiner-perkins|fintech|remote|remote-first,2026-09-10
prosper-ai,Prosper AI,11,2,onsite-leaning,engineering|product|sales,a16z-portfolio|health-bio|new-york,2026-09-10
protege,Protege,24,0,remote-first,engineering|marketing|operations|other|product|research|sales,a16z-portfolio|ai-infra|backed-by-sequoia-capital|new-this-week|remote|remote-first,2026-09-10
protolabs,Protolabs,1,0,onsite-leaning,other,early-career,2026-09-10
proxima-fusion,Proxima Fusion,48,0,onsite-leaning,design|engineering|marketing|operations|other|sales,backed-by-lightspeed,2026-09-10
pryzm,Pryzm,6,0,onsite-leaning,engineering|marketing|operations|sales,a16z-portfolio|boston|defense,2026-09-10
ptc,PTC,5,0,onsite-leaning,other|sales,early-career,2026-09-10
pulse,Pulse,10,0,onsite-leaning,design|engineering|marketing|sales,yc-s24,2026-09-10
pylon,Pylon,21,2,onsite-leaning,engineering|marketing|operations|product|sales,a16z-portfolio|backed-by-general-catalyst|early-career|enterprise-b2b|founding-roles|london|new-this-week|new-york,2026-09-10
qts,QTS,22,0,onsite-leaning,engineering|operations|other,early-career,2026-09-10
quadric,Quadric,1,0,onsite-leaning,design,early-career,2026-09-10
quadrillion,Quadrillion,2,0,onsite-leaning,engineering|research,early-career|new-york,2026-09-10
quantco,QuantCo,5,0,onsite-leaning,engineering|research,early-career,2026-09-10
quartzy,Quartzy,1,0,remote-first,other,backed-by-khosla-ventures,2026-09-10
quera-computing,QuEra Computing,4,0,onsite-leaning,other|research,boston|early-career,2026-09-10
quilter,Quilter,5,0,remote-first,engineering|other,backed-by-index-ventures,2026-09-10
quora,Quora,4,0,remote-first,engineering,a16z-portfolio|consumer-social|early-career|remote|remote-first,2026-09-10
rad-ai,Rad AI,21,0,onsite-leaning,engineering|operations|other|product|research|sales,backed-by-khosla-ventures,2026-09-10
radiant,Radiant,89,0,onsite-leaning,engineering|marketing|operations|other|sales,a16z-portfolio|backed-by-felicis|backed-by-union-square-ventures|early-career|energy-climate|los-angeles|new-this-week,2026-09-10
radix-trading,Radix Trading,1,0,onsite-leaning,research,early-career,2026-09-10
raft,Raft,1,0,onsite-leaning,design,backed-by-bessemer-ventures,2026-09-10
rain,Rain,49,0,onsite-leaning,engineering|marketing|operations|other|product|sales,backed-by-khosla-ventures|backed-by-lightspeed,2026-09-10
raisin,Raisin,33,0,onsite-leaning,design|engineering|marketing|operations|other|product|sales,backed-by-index-ventures,2026-09-10
ramp,Ramp,146,0,onsite-leaning,design|engineering|marketing|operations|other|product|sales,backed-by-bessemer-ventures|backed-by-general-catalyst|backed-by-greylock-partners|backed-by-lightspeed,2026-09-10
ranger,Ranger,3,0,onsite-leaning,engineering|marketing,backed-by-general-catalyst,2026-09-10
rasa,Rasa,4,0,remote-first,operations|other|product|sales,a16z-portfolio|devtools-infra|remote|remote-first,2026-09-10
ravenna,Ravenna,7,0,hybrid-friendly,design|engineering|marketing|other|sales,backed-by-khosla-ventures,2026-09-10
re-build-manufacturing,Re:Build Manufacturing,135,0,onsite-leaning,design|engineering|marketing|operations|other|product|research|sales,backed-by-general-catalyst,2026-09-10
reacher,Reacher,8,0,remote-first,engineering|marketing|sales,yc-s25,2026-09-10
readyset,ReadySet,1,0,remote-first,engineering,backed-by-index-ventures,2026-09-10
realm,Realm,2,0,remote-first,engineering,early-career|remote|remote-first,2026-09-10
rebag,Rebag,14,0,onsite-leaning,marketing|operations|other,backed-by-general-catalyst,2026-09-10
recall-ai,Recall.ai,5,0,onsite-leaning,engineering|operations|other|sales,backed-by-bessemer-ventures,2026-09-10
red-hat,Red Hat,20,1,onsite-leaning,engineering|other,boston|early-career,2026-09-10
redesign-health,Redesign Health,21,0,onsite-leaning,design|engineering|operations|other,backed-by-general-catalyst,2026-09-10
reevoai,Reevoai,21,0,onsite-leaning,design|engineering|marketing|operations|other|product|sales,backed-by-khosla-ventures,2026-09-10
reflect-orbital,Reflect Orbital,23,0,onsite-leaning,engineering|operations,backed-by-sequoia-capital,2026-09-10
reflection-ai,Reflection AI,49,0,onsite-leaning,engineering|marketing|operations|other|research|sales,backed-by-lightspeed,2026-09-10
reflex-robotics,Reflex Robotics,7,0,onsite-leaning,engineering|other|research,backed-by-khosla-ventures,2026-09-10
regal-rexnord,Regal Rexnord,12,0,onsite-leaning,engineering|marketing|operations|other,early-career,2026-09-10
reindeer-ai,Reindeer AI,9,0,onsite-leaning,engineering|marketing|sales,backed-by-lightspeed,2026-09-10
relativity-space,Relativity Space,334,0,onsite-leaning,design|engineering|marketing|operations|other|research|sales,backed-by-general-catalyst,2026-09-10
relay,Relay,50,0,onsite-leaning,design|engineering|marketing|operations|other|product|sales,backed-by-general-catalyst,2026-09-10
relevance-ai,Relevance AI,12,0,onsite-leaning,engineering|marketing|operations|other|sales,backed-by-bessemer-ventures,2026-09-10
reliable-robotics-corporation,Reliable Robotics Corporation,55,0,onsite-leaning,design|engineering|operations|other,backed-by-lightspeed,2026-09-10
relx,RELX,9,1,onsite-leaning,engineering|operations|other|research|sales,early-career,2026-09-10
remote,Remote,176,0,remote-first,design|engineering|marketing|operations|other|product|sales,backed-by-general-catalyst|backed-by-index-ventures,2026-09-10
render,Render,35,0,remote-first,design|engineering|marketing|operations|other|product|sales,backed-by-bessemer-ventures|backed-by-general-catalyst,2026-09-10
rendezvous-robotics,Rendezvous Robotics,5,0,onsite-leaning,engineering|other,early-career,2026-09-10
replit,Replit,78,4,onsite-leaning,design|engineering|marketing|operations|other|product|sales,a16z-portfolio|backed-by-abstract-ventures|backed-by-khosla-ventures|backed-by-south-park-commons|devtools-infra|early-career|new-this-week|remote,2026-09-10
reply,Reply,1,0,onsite-leaning,other,early-career,2026-09-10
resend,Resend,11,1,remote-first,design|engineering|operations|sales,a16z-portfolio|devtools-infra|remote|remote-first,2026-09-10
resolve-ai,Resolve AI,14,0,onsite-leaning,design|engineering|marketing|operations|other|research|sales,backed-by-greylock-partners|backed-by-lightspeed,2026-09-10
retell-ai,Retell AI,35,0,onsite-leaning,design|engineering|marketing|operations|other|product|sales,yc-w24,2026-09-10
revel,Revel,7,0,onsite-leaning,engineering,early-career|los-angeles|new-this-week,2026-09-10
revenuebase,RevenueBase,6,0,remote-first,engineering|operations|sales,backed-by-bessemer-ventures,2026-09-10
revenuecat,RevenueCat,18,0,remote-first,design|engineering|marketing|operations|other|product|sales,backed-by-index-ventures,2026-09-10
revise-robotics,Revise Robotics,2,0,onsite-leaning,engineering|sales,early-career|new-york,2026-09-10
revvity,Revvity,4,0,onsite-leaning,engineering|operations|other,early-career,2026-09-10
rewind,Rewind,4,0,remote-first,engineering|marketing|operations,backed-by-bessemer-ventures,2026-09-10
rezo-therapeutics,Rezo Therapeutics,1,0,onsite-leaning,research,a16z-portfolio,2026-09-10
rfcuny,RFCUNY,8,0,onsite-leaning,design|marketing|operations|other|research,early-career|new-york,2026-09-10
ricursive-intelligence,Ricursive Intelligence,11,0,onsite-leaning,design|engineering|operations|other|research,backed-by-lightspeed,2026-09-10
rigetti-computing,Rigetti Computing,11,0,onsite-leaning,engineering|other,a16z-portfolio|new-this-week,2026-09-10
rightway,Rightway,25,0,hybrid-friendly,design|engineering|marketing|operations|other|product|sales,backed-by-khosla-ventures,2026-09-10
rigup,RigUp,5,2,hybrid-friendly,operations|sales,a16z-portfolio|austin|remote,2026-09-10
rillet,Rillet,32,2,onsite-leaning,design|engineering|marketing|operations|other|product|sales,a16z-portfolio|enterprise-b2b|london|new-this-week|new-york|remote,2026-09-10
rise8,Rise8,3,0,remote-first,marketing|product,early-career|remote|remote-first,2026-09-10
rivian-and-volkswagen-group-technologies,Rivian and Volkswagen Group Technologies,8,0,onsite-leaning,design|engineering,early-career|new-this-week,2026-09-10
ro,Ro,47,0,onsite-leaning,engineering|marketing|operations|other,backed-by-general-catalyst,2026-09-10
robco,RobCo,39,0,onsite-leaning,engineering|marketing|operations|other|product|sales,backed-by-lightspeed|backed-by-sequoia-capital,2026-09-10
robinhood,Robinhood,131,0,onsite-leaning,design|engineering|marketing|operations|other|product|sales,backed-by-index-ventures,2026-09-10
rocket-lab-usa,Rocket Lab USA,50,0,onsite-leaning,engineering|marketing|operations|other,early-career|new-this-week,2026-09-10
rockwell-automation,Rockwell Automation,22,0,onsite-leaning,engineering|marketing|operations|other,early-career,2026-09-10
rockwool-group,ROCKWOOL Group,1,0,onsite-leaning,product,early-career,2026-09-10
rogers-behavioral-health,Rogers Behavioral Health,10,0,onsite-leaning,other|product,early-career,2026-09-10
rogo,Rogo,82,0,onsite-leaning,design|engineering|marketing|operations|other|product|research|sales,backed-by-khosla-ventures,2026-09-10
rollstack,Rollstack,3,0,remote-first,engineering|sales,yc-w23,2026-09-10
roofstock,Roofstock,29,0,onsite-leaning,operations|other|product,backed-by-khosla-ventures,2026-09-10
rossum,Rossum,6,0,onsite-leaning,engineering,backed-by-general-catalyst,2026-09-10
rothy-s,Rothy's,72,0,onsite-leaning,design|engineering|marketing|operations|other|product,backed-by-lightspeed,2026-09-10
royal-bank-of-canada,Royal Bank of Canada,81,0,onsite-leaning,engineering|operations|other,early-career,2026-09-10
rubrik,Rubrik,138,0,onsite-leaning,design|engineering|marketing|operations|other|product|sales,backed-by-khosla-ventures,2026-09-10
rune-technologies,Rune Technologies,14,0,onsite-leaning,engineering|operations|other,a16z-portfolio|austin|energy-climate|remote|seattle,2026-09-10
runsybil,Runsybil,9,0,hybrid-friendly,engineering|sales,backed-by-khosla-ventures,2026-09-10
rutter,Rutter,1,0,onsite-leaning,engineering,a16z-portfolio|devtools-infra|new-york,2026-09-10
ryvn,Ryvn,1,0,onsite-leaning,engineering,yc-f24,2026-09-10
safetykit,SafetyKit,9,0,onsite-leaning,design|engineering|marketing|sales,yc-s23,2026-09-10
sage-care,Sage Care,13,0,onsite-leaning,design|engineering|operations|product,backed-by-general-catalyst,2026-09-10
salesforce,Salesforce,14,0,onsite-leaning,design|engineering|other|sales,early-career,2026-09-10
salespatriot,SalesPatriot,5,0,onsite-leaning,engineering|sales,yc-w25,2026-09-10
salient,Salient,11,0,onsite-leaning,design|engineering|operations|other,a16z-portfolio|fintech|founding-roles,2026-09-10
samaya,Samaya,1,0,onsite-leaning,research,early-career,2026-09-10
samsara,Samsara,259,0,remote-first,design|engineering|marketing|operations|other|product|research|sales,backed-by-general-catalyst,2026-09-10
samsung,Samsung,9,0,onsite-leaning,engineering|marketing|other|product|sales,early-career,2026-09-10
samsung-research-america,Samsung Research America,3,0,onsite-leaning,other,early-career,2026-09-10
sapien,Sapien,11,0,onsite-leaning,engineering|marketing|operations|sales,backed-by-general-catalyst,2026-09-10
sardine,Sardine,40,5,remote-first,engineering|operations|other|product|research|sales,a16z-portfolio|backed-by-gv|fintech|new-this-week|remote|remote-first,2026-09-10
saronic-technologies,Saronic Technologies,201,0,onsite-leaning,design|engineering|marketing|operations|other|product|sales,a16z-portfolio|austin|backed-by-bessemer-ventures|backed-by-general-catalyst|backed-by-lightspeed|early-career|hiring-in-volume|london|new-this-week|remote|robotics-hardware,2026-09-10
sarvam-ai,Sarvam AI,62,0,onsite-leaning,design|engineering|marketing|operations|other|product|research|sales,backed-by-khosla-ventures|backed-by-lightspeed,2026-09-10
savvy,Savvy,24,0,onsite-leaning,engineering|marketing|operations|other|product|sales,backed-by-index-ventures,2026-09-10
scalar,Scalar,5,0,hybrid-friendly,engineering|other|sales,backed-by-general-catalyst,2026-09-10
scale-ai,Scale AI,2,0,onsite-leaning,engineering,early-career|new-this-week,2026-09-10
scaled-cognition,Scaled Cognition,6,0,hybrid-friendly,engineering|research|sales,backed-by-khosla-ventures,2026-09-10
schmidt-sciences,Schmidt Sciences,1,0,onsite-leaning,research,early-career,2026-09-10
schonfeld,Schonfeld,17,0,onsite-leaning,engineering|operations|other|research,early-career|london|miami|new-this-week|new-york,2026-09-10
schweitzer-engineering-laboratories,Schweitzer Engineering Laboratories,26,0,onsite-leaning,engineering|operations|other,early-career,2026-09-10
scitec,SciTec,1,0,onsite-leaning,operations,early-career,2026-09-10
scope,Scope,4,0,onsite-leaning,engineering|marketing|operations,backed-by-index-ventures,2026-09-10
scott-logic,Scott Logic,1,0,onsite-leaning,engineering,early-career,2026-09-10
scout-ai,Scout AI,1,0,onsite-leaning,operations,early-career,2026-09-10
scribd,Scribd,16,0,onsite-leaning,engineering|marketing|other|product,backed-by-khosla-ventures,2026-09-10
sekai,Sekai,6,0,onsite-leaning,engineering|product,consumer-social|founding-roles|speedrun-companies,2026-09-10
semgrep,Semgrep,9,0,onsite-leaning,engineering|operations|research|sales,backed-by-lightspeed|backed-by-sequoia-capital,2026-09-10
senra-systems,Senra Systems,27,0,onsite-leaning,engineering|other|product,backed-by-general-catalyst,2026-09-10
sentara-health,Sentara Health,14,0,onsite-leaning,other,early-career,2026-09-10
sentilink,SentiLink,55,10,remote-first,design|engineering|marketing|operations|other|research|sales,a16z-portfolio|backed-by-felicis|early-career|fintech|new-this-week|remote|remote-first,2026-09-10
sentra,Sentra,3,0,onsite-leaning,design|engineering|research,backed-by-bessemer-ventures|devtools-infra|founding-roles|speedrun-companies,2026-09-10
serval,Serval,53,0,onsite-leaning,design|engineering|marketing|operations|other|sales,backed-by-general-catalyst,2026-09-10
sesame,Sesame,25,0,onsite-leaning,design|engineering|marketing|operations|other|product|research,a16z-portfolio|backed-by-abstract-ventures|backed-by-general-catalyst|backed-by-sequoia-capital|consumer-social|new-this-week|new-york,2026-09-10
seso,SESO,6,0,remote-first,engineering|operations|other|sales,backed-by-index-ventures,2026-09-10
setpoint-io,Setpoint.io,14,0,onsite-leaning,engineering|operations|other,a16z-portfolio|austin|new-this-week|new-york,2026-09-10
seven-research,Seven Research,4,0,onsite-leaning,engineering|research,early-career|new-york,2026-09-10
sf-tensor,SF Tensor,6,0,onsite-leaning,engineering|research,yc-f25,2026-09-10
sharkninja,SharkNinja,8,0,onsite-leaning,design|marketing|other|sales,early-career,2026-09-10
shield-ai,Shield AI,485,1,onsite-leaning,design|engineering|marketing|operations|other|product|sales,a16z-portfolio|boston|early-career|hiring-in-volume|london|new-this-week|remote|seattle,2026-09-10
shift,Shift,5,0,onsite-leaning,engineering,early-career|remote,2026-09-10
shopmonkey,Shopmonkey,10,0,onsite-leaning,marketing|operations|other|sales,backed-by-index-ventures,2026-09-10
shyftlabs,ShyftLabs,1,0,onsite-leaning,engineering,early-career,2026-09-10
sierra,Sierra,209,0,onsite-leaning,design|engineering|marketing|operations|other|product|sales,backed-by-sequoia-capital,2026-09-10
sigma-computing,Sigma Computing,1,0,onsite-leaning,engineering,early-career,2026-09-10
silverfin,Silverfin,8,0,onsite-leaning,engineering|marketing|operations|other|product,backed-by-index-ventures,2026-09-10
silvus-technologies,Silvus Technologies,1,0,onsite-leaning,other,early-career|los-angeles,2026-09-10
sim,Sim,5,0,onsite-leaning,design|engineering|sales,yc-x25,2026-09-10
simile,Simile,15,0,onsite-leaning,design|engineering|marketing|other|research|sales,backed-by-index-ventures,2026-09-10
simple-ai,Simple AI,9,0,onsite-leaning,engineering|marketing|other|sales,yc-s24,2026-09-10
simular,Simular,10,0,onsite-leaning,design|engineering|operations|other|research|sales,early-career,2026-09-10
singlestore,SingleStore,33,0,onsite-leaning,engineering|marketing|operations|other|product|sales,backed-by-khosla-ventures,2026-09-10
singular,Singular,18,0,hybrid-friendly,engineering|marketing|operations|other|product|sales,backed-by-general-catalyst,2026-09-10
sirius-technology,Sirius Technology,5,0,onsite-leaning,design|engineering|marketing,enterprise-b2b|founding-roles|new-this-week|speedrun-companies,2026-09-10
siro,Siro,10,0,onsite-leaning,engineering|marketing|operations|product|sales,backed-by-index-ventures,2026-09-10
sky-mavis,Sky Mavis,6,0,onsite-leaning,engineering|marketing|operations,a16z-portfolio|backed-by-paradigm|crypto-web3|early-career|new-this-week|remote,2026-09-10
skydio,Skydio,131,1,onsite-leaning,design|engineering|marketing|operations|other|product|research|sales,a16z-portfolio|early-career|hiring-in-volume|los-angeles|new-this-week|remote|robotics-hardware,2026-09-10
sleeper,Sleeper,17,0,hybrid-friendly,design|engineering|marketing|operations|research,a16z-portfolio|backed-by-general-catalyst|early-career|games-entertainment|new-this-week|remote|seattle,2026-09-10
slingshot-ai,Slingshot AI,8,0,onsite-leaning,engineering|marketing|other|research|sales,a16z-portfolio|backed-by-felicis|founding-roles|health-bio|london|new-this-week|new-york,2026-09-10
snag,snag,1,0,onsite-leaning,sales,consumer-social|founding-roles|new-york|speedrun-companies,2026-09-10
snapdocs,Snapdocs,4,0,remote-first,marketing|operations|sales,backed-by-sequoia-capital,2026-09-10
snaplogic,SnapLogic,11,3,hybrid-friendly,engineering|sales,a16z-portfolio|remote|seattle,2026-09-10
snowflake,Snowflake,9,0,onsite-leaning,engineering|marketing|operations|research|sales,early-career|new-this-week,2026-09-10
socket-dev,Socket.dev,21,2,remote-first,engineering|marketing|other|research|sales,a16z-portfolio|backed-by-abstract-ventures|backed-by-south-park-commons|devtools-infra|new-this-week|remote|remote-first,2026-09-10
sofar-sounds,Sofar Sounds,8,0,onsite-leaning,engineering|other|sales,backed-by-index-ventures,2026-09-10
sola,Sola,5,0,onsite-leaning,engineering|product,a16z-portfolio|enterprise-b2b|founding-roles|new-york|remote,2026-09-10
solana-foundation,Solana Foundation,7,0,hybrid-friendly,engineering|marketing|operations|other,a16z-portfolio|crypto-web3|remote,2026-09-10
solar-turbines,Solar Turbines,29,0,onsite-leaning,engineering|operations|other|research,early-career,2026-09-10
solidroad,Solidroad,7,0,onsite-leaning,design|engineering|sales,yc-w25,2026-09-10
solopulse,SoloPulse,3,0,onsite-leaning,engineering,early-career,2026-09-10
solva,Solva,2,0,hybrid-friendly,engineering|sales,yc-s25,2026-09-10
solve-intelligence,Solve Intelligence,16,0,onsite-leaning,design|engineering|operations|other|sales,yc-s23,2026-09-10
somethings,Somethings,7,0,hybrid-friendly,design|engineering|operations|other,backed-by-general-catalyst,2026-09-10
sonarsource,SonarSource,134,0,onsite-leaning,engineering|marketing|operations|other|product|research|sales,backed-by-general-catalyst,2026-09-10
sony,Sony,11,0,onsite-leaning,design|engineering|marketing|operations|other|research|sales,early-career|los-angeles|new-york|remote,2026-09-10
sora-schools,Sora Schools,2,0,remote-first,other,backed-by-general-catalyst,2026-09-10
sorare,Sorare,3,0,onsite-leaning,engineering|other,backed-by-bessemer-ventures,2026-09-10
soti,SOTI,1,0,onsite-leaning,engineering,early-career,2026-09-10
sound-xyz,sound.xyz,2,0,remote-first,engineering,a16z-portfolio|crypto-web3|remote|remote-first,2026-09-10
soundcloud,SoundCloud,14,0,onsite-leaning,design|engineering|marketing|operations|sales,backed-by-index-ventures,2026-09-10
sourcegraph,Sourcegraph,9,0,remote-first,engineering|marketing|operations|product|sales,a16z-portfolio|new-this-week|remote|remote-first,2026-09-10
sourcerer-ai,Sourcerer AI,1,0,onsite-leaning,engineering,devtools-infra|speedrun-companies,2026-09-10
spacex,SpaceX,55,0,onsite-leaning,engineering|operations|other,early-career|new-this-week,2026-09-10
spacial-ai,Spacial AI,2,0,onsite-leaning,design|engineering,early-career,2026-09-10
sphere,Sphere,16,2,hybrid-friendly,engineering|marketing|operations|other|sales,a16z-portfolio|backed-by-felicis|enterprise-b2b|founding-roles|new-this-week|remote,2026-09-10
spherecast,Spherecast,1,0,onsite-leaning,engineering,yc-s24,2026-09-10
sphinx,Sphinx,8,0,onsite-leaning,engineering|marketing|operations|other|sales,backed-by-lightspeed|yc-f24,2026-09-10
spiral,Spiral,4,0,onsite-leaning,engineering,backed-by-general-catalyst,2026-09-10
spoton,SpotOn,81,0,onsite-leaning,design|engineering|operations|other|product|sales,a16z-portfolio|austin|enterprise-b2b|new-this-week|remote,2026-09-10
sprig,Sprig,6,0,onsite-leaning,engineering|marketing|operations|other|research,a16z-portfolio|enterprise-b2b|new-this-week,2026-09-10
sprinter-health,Sprinter Health,96,0,onsite-leaning,engineering|operations|other|product|research,a16z-portfolio|backed-by-general-catalyst|backed-by-gv|health-bio|los-angeles|new-this-week|new-york|remote,2026-09-10
spruce-systems,Spruce Systems,5,0,remote-first,engineering|sales,a16z-portfolio|remote|remote-first,2026-09-10
squarespace,Squarespace,27,0,onsite-leaning,design|engineering|marketing|operations|other|sales,backed-by-index-ventures,2026-09-10
squint,Squint,11,0,onsite-leaning,engineering|marketing|operations|other,backed-by-sequoia-capital,2026-09-10
ss-c,SS&C,4,0,onsite-leaning,operations|other,early-career|london,2026-09-10
st-luke-s-university-health-network,St. Luke's University Health Network,22,0,onsite-leaning,operations|other,early-career,2026-09-10
stacks,Stacks,7,0,onsite-leaning,engineering|operations|product|sales,backed-by-general-catalyst|backed-by-lightspeed,2026-09-10
standard-bots,Standard Bots,35,0,onsite-leaning,design|engineering|marketing|operations|other|product|research,backed-by-general-catalyst,2026-09-10
standard-nuclear,Standard Nuclear,21,0,onsite-leaning,engineering|marketing|operations|other,a16z-portfolio,2026-09-10
stanley-black-decker,Stanley Black & Decker,6,0,onsite-leaning,engineering|other,early-career,2026-09-10
starburst,Starburst,22,2,onsite-leaning,engineering|marketing|other|product|sales,a16z-portfolio|boston|london|new-this-week,2026-09-10
state-affairs,State Affairs,8,0,onsite-leaning,design|engineering|product|sales,backed-by-khosla-ventures,2026-09-10
state-street,State Street,6,0,onsite-leaning,operations|other,early-career|london,2026-09-10
stevens-capital-management,Stevens Capital Management,2,0,onsite-leaning,engineering|research,early-career,2026-09-10
stilta,Stilta,4,0,onsite-leaning,engineering|other|sales,yc-w26,2026-09-10
str,STR,1,0,onsite-leaning,other,early-career|new-this-week,2026-09-10
strada,Strada,5,0,onsite-leaning,engineering|sales,yc-s23,2026-09-10
straia,Straia,2,0,onsite-leaning,engineering,enterprise-b2b|speedrun-companies,2026-09-10
strava,Strava,27,0,onsite-leaning,design|engineering|marketing|operations|other|product|sales,backed-by-sequoia-capital,2026-09-10
strella,Strella,4,0,onsite-leaning,design|engineering|operations|sales,backed-by-bessemer-ventures,2026-09-10
stryker,Stryker,178,0,onsite-leaning,other,austin|early-career|hiring-in-volume|los-angeles|new-york|seattle,2026-09-10
stuut,Stuut,15,1,onsite-leaning,design|engineering|marketing|other|sales,a16z-portfolio|backed-by-khosla-ventures|enterprise-b2b|new-this-week|new-york,2026-09-10
stytch,Stytch,5,0,onsite-leaning,design|engineering|sales,backed-by-index-ventures,2026-09-10
subsets,Subsets,2,0,onsite-leaning,engineering|sales,yc-s23,2026-09-10
substack,Substack,15,0,onsite-leaning,engineering|marketing|operations|other|product|sales,a16z-portfolio|backed-by-general-catalyst|consumer-social|london|new-this-week|new-york|remote,2026-09-10
substrate,Substrate,7,0,onsite-leaning,design|engineering|operations|research,backed-by-general-catalyst|backed-by-lightspeed,2026-09-10
sui-foundation,Sui Foundation,2,0,remote-first,marketing,a16z-portfolio|crypto-web3|remote|remote-first,2026-09-10
summer,Summer​,1,0,onsite-leaning,other,backed-by-general-catalyst,2026-09-10
summer-health,Summer Health,2,0,remote-first,other,backed-by-sequoia-capital,2026-09-10
sunday-robotics,Sunday Robotics,1,0,onsite-leaning,design,early-career,2026-09-10
sunflower,Sunflower,2,0,remote-first,other,health-bio|remote|remote-first|speedrun-companies,2026-09-10
suno,Suno,66,0,onsite-leaning,design|engineering|marketing|operations|other|product|research|sales,backed-by-lightspeed,2026-09-10
supabase,Supabase,59,0,remote-first,design|engineering|marketing|operations|other|product|sales,backed-by-lightspeed,2026-09-10
super,Super,8,0,remote-first,engineering|other,early-career|new-this-week|remote|remote-first,2026-09-10
supernova-technology,Supernova Technology,1,0,onsite-leaning,engineering,early-career,2026-09-10
svix,Svix,3,0,onsite-leaning,engineering|other,a16z-portfolio|devtools-infra|founding-roles,2026-09-10
swbc,SWBC,6,0,onsite-leaning,engineering|operations|other,early-career,2026-09-10
sweatpals,SweatPals,5,0,hybrid-friendly,design|marketing|product|research|sales,consumer-social|early-career|remote|speedrun-companies,2026-09-10
sweep,Sweep,7,0,onsite-leaning,engineering|operations|other|sales,backed-by-bessemer-ventures,2026-09-10
sygaldry-technologies,Sygaldry Technologies,14,0,onsite-leaning,engineering|operations|other|research|sales,yc-x25,2026-09-10
sylvera,Sylvera,4,0,onsite-leaning,operations|other|sales,backed-by-index-ventures,2026-09-10
synchrony-financial,Synchrony Financial,10,0,onsite-leaning,marketing|operations|other,early-career,2026-09-10
synthesia,Synthesia,60,0,hybrid-friendly,design|engineering|marketing|operations|other|product|research|sales,backed-by-kleiner-perkins,2026-09-10
syzygy,Syzygy,1,0,onsite-leaning,sales,speedrun-companies,2026-09-10
tabs,Tabs,25,0,onsite-leaning,engineering|marketing|operations|other|product|sales,backed-by-general-catalyst|backed-by-lightspeed,2026-09-10
tactile-games,Tactile Games,4,0,onsite-leaning,other|product,backed-by-index-ventures,2026-09-10
tacto,Tacto,23,0,onsite-leaning,design|engineering|marketing|other|product|sales,backed-by-index-ventures|backed-by-sequoia-capital,2026-09-10
take-two-interactive,Take-Two Interactive,38,0,onsite-leaning,design|engineering|operations|other|product,backed-by-general-catalyst,2026-09-10
tako,Tako,12,1,onsite-leaning,engineering|operations|other|sales,a16z-portfolio|early-career|enterprise-b2b,2026-09-10
taktile,Taktile,46,0,onsite-leaning,design|engineering|marketing|operations|other|product|sales,backed-by-index-ventures,2026-09-10
talkiatry,Talkiatry,186,0,remote-first,engineering|marketing|operations|other|product|sales,a16z-portfolio|health-bio|hiring-in-volume|miami|new-this-week|new-york|remote|remote-first,2026-09-10
talos,Talos,17,0,onsite-leaning,engineering|operations|other|product|sales,a16z-portfolio|crypto-web3|early-career|london|new-this-week|new-york,2026-09-10
tanium,Tanium,47,0,onsite-leaning,engineering|marketing|operations|other|product|sales,a16z-portfolio|early-career|new-this-week|remote,2026-09-10
tavus,Tavus,14,0,onsite-leaning,design|engineering|marketing|product|research|sales,backed-by-sequoia-capital,2026-09-10
tax-relief-advocates,Tax Relief Advocates,4,0,onsite-leaning,engineering|operations,early-career,2026-09-10
taxfix,Taxfix,21,0,onsite-leaning,design|engineering|marketing|operations|product|sales,backed-by-index-ventures,2026-09-10
taya,Taya,1,0,onsite-leaning,engineering,consumer-social|founding-roles|speedrun-companies,2026-09-10
td-bank,TD Bank,121,0,onsite-leaning,other,boston|early-career|hiring-in-volume|london|new-york,2026-09-10
td-synnex,TD Synnex,10,0,onsite-leaning,marketing|operations|other,early-career,2026-09-10
teamshares,Teamshares,24,0,hybrid-friendly,engineering|operations|other,backed-by-khosla-ventures,2026-09-10
teamworks,Teamworks,21,0,remote-first,engineering|marketing|operations|other|product|sales,backed-by-general-catalyst,2026-09-10
tebi,Tebi,10,0,onsite-leaning,engineering|other|sales,backed-by-index-ventures,2026-09-10
technergetics,Technergetics,1,0,remote-first,other,early-career|remote|remote-first,2026-09-10
techtronic-industries,Techtronic Industries,1,0,onsite-leaning,engineering,early-career,2026-09-10
tekton-dynamics,Tekton Dynamics,2,0,onsite-leaning,engineering|other,yc-w24,2026-09-10
teledyne,Teledyne,16,0,onsite-leaning,engineering|other|research|sales,early-career,2026-09-10
teleport,Teleport,24,0,remote-first,design|engineering|marketing|operations|other|sales,backed-by-bessemer-ventures|backed-by-kleiner-perkins,2026-09-10
tencent,Tencent,73,0,onsite-leaning,engineering|marketing|operations|other|product|research|sales,early-career,2026-09-10
tendo,Tendo,1,0,remote-first,other,backed-by-general-catalyst,2026-09-10
tenera,Tenera,1,0,onsite-leaning,engineering,devtools-infra|founding-roles|speedrun-companies,2026-09-10
tenex-ai,TENEX.AI,46,1,hybrid-friendly,engineering|marketing|operations|other|product|sales,a16z-portfolio|early-career|enterprise-b2b|new-this-week|remote,2026-09-10
tennr,Tennr,21,1,onsite-leaning,design|engineering|marketing|operations|other|sales,a16z-portfolio|backed-by-gv|backed-by-lightspeed|health-bio|new-york|remote,2026-09-10
tenstorrent,Tenstorrent,9,0,onsite-leaning,design,austin|early-career,2026-09-10
terra-ai,Terra AI,7,0,hybrid-friendly,engineering|operations|other|research|sales,backed-by-khosla-ventures,2026-09-10
terranova,Terranova,5,0,onsite-leaning,engineering|other,early-career,2026-09-10
tessl,Tessl,10,0,hybrid-friendly,engineering|marketing|product|research|sales,backed-by-index-ventures,2026-09-10
thatgamecompany,thatgamecompany,40,0,hybrid-friendly,design|engineering|marketing|operations|other,backed-by-sequoia-capital,2026-09-10
the-believer-company,The Believer Company,2,0,remote-first,design|other,a16z-portfolio|backed-by-lightspeed|games-entertainment|remote|remote-first,2026-09-10
the-better-money-company,The Better Money Company,6,0,onsite-leaning,engineering|other,a16z-portfolio|fintech|new-york,2026-09-10
the-boeing-company,The Boeing Company,33,0,onsite-leaning,design|engineering|marketing|operations|other|research,early-career,2026-09-10
the-exploration-company,The Exploration Company,100,0,onsite-leaning,design|engineering|operations|other|sales,backed-by-bessemer-ventures,2026-09-10
the-federal-reserve-system,The Federal Reserve System,35,0,onsite-leaning,other,boston|early-career|new-york,2026-09-10
the-honest-company,The Honest Company,11,0,onsite-leaning,engineering|marketing|operations|other,backed-by-general-catalyst,2026-09-10
the-mobile-first-company,The Mobile-First Company,9,0,onsite-leaning,engineering|marketing|sales,backed-by-lightspeed,2026-09-10
the-mosaic-company,The Mosaic Company,31,0,onsite-leaning,engineering|operations|other,early-career,2026-09-10
the-nuclear-company,The Nuclear Company,12,0,onsite-leaning,engineering|other|research,early-career|new-this-week,2026-09-10
the-token-company,The Token Company,3,0,onsite-leaning,engineering|research|sales,yc-w26,2026-09-10
thermo-fisher-scientific,Thermo Fisher Scientific,35,0,onsite-leaning,engineering|operations|other|research,early-career|remote,2026-09-10
thinking-machines-lab,Thinking Machines Lab,38,0,onsite-leaning,engineering|operations|product|research,a16z-portfolio|new-this-week|new-york,2026-09-10
thomas-hutton,Thomas & Hutton,14,0,onsite-leaning,design,early-career|new-this-week,2026-09-10
thread-ai,Thread AI,12,0,onsite-leaning,design|engineering|operations|sales,backed-by-index-ventures,2026-09-10
thyssenkrupp,thyssenkrupp,3,0,onsite-leaning,operations|other,early-career,2026-09-10
tiktok,TikTok,1556,0,,design|engineering|marketing|operations|other|product|research|sales,early-career|hiring-in-volume|london|los-angeles|miami|new-york|seattle,2026-09-10
tilde,Tilde,3,0,onsite-leaning,engineering|research,backed-by-khosla-ventures,2026-09-10
titan,Titan,10,1,onsite-leaning,engineering|other|product|sales,a16z-portfolio|backed-by-south-park-commons|fintech|founding-roles|new-york,2026-09-10
tmeic,TMEIC,5,0,onsite-leaning,engineering|operations|other,early-career,2026-09-10
together-ai,Together AI,59,0,onsite-leaning,engineering|marketing|operations|product|research|sales,backed-by-general-catalyst,2026-09-10
tortus-ai,TORTUS AI,2,0,onsite-leaning,engineering|operations,backed-by-khosla-ventures,2026-09-10
toshiba-global-commerce,Toshiba Global Commerce,1,0,onsite-leaning,engineering,early-career|new-this-week,2026-09-10
tourlane,Tourlane,5,0,remote-first,operations|other,backed-by-sequoia-capital,2026-09-10
town,Town,15,0,onsite-leaning,engineering|marketing|operations|product,a16z-portfolio|backed-by-south-park-commons|fintech|founding-roles|new-york,2026-09-10
toyota-research-institute,Toyota Research Institute,2,0,onsite-leaning,other|research,early-career,2026-09-10
traba,Traba,26,0,onsite-leaning,engineering|operations|other|product,backed-by-general-catalyst|backed-by-khosla-ventures,2026-09-10
transcend,Transcend,1,0,remote-first,sales,backed-by-index-ventures,2026-09-10
transmarket-group,TransMarket Group,8,0,onsite-leaning,engineering|other,early-career,2026-09-10
travelperk,TravelPerk,132,0,onsite-leaning,design|engineering|marketing|operations|other|product|sales,backed-by-general-catalyst,2026-09-10
traversal,Traversal,19,0,hybrid-friendly,engineering|marketing|operations|other|research|sales,backed-by-kleiner-perkins|backed-by-sequoia-capital,2026-09-10
treeline,Treeline,6,0,remote-first,engineering|operations,a16z-portfolio|enterprise-b2b|los-angeles|new-york|remote|remote-first,2026-09-10
trexquant,Trexquant,2,0,onsite-leaning,research,early-career|new-york,2026-09-10
tribalscale,TribalScale,1,0,onsite-leaning,engineering,early-career,2026-09-10
trigger-dev,Trigger.dev,1,0,remote-first,marketing,yc-w23,2026-09-10
trimble,Trimble,15,0,onsite-leaning,engineering|marketing|operations|other|product,early-career,2026-09-10
trimedx,TRIMEDX,7,0,onsite-leaning,engineering|other,early-career,2026-09-10
triomics,Triomics,18,0,onsite-leaning,engineering|marketing|operations|research|sales,backed-by-lightspeed,2026-09-10
tripadvisor,TripAdvisor,2,0,onsite-leaning,marketing|operations,early-career|london,2026-09-10
triumph,Triumph,19,0,onsite-leaning,design|engineering|marketing|operations|other|sales,backed-by-general-catalyst,2026-09-10
trm-labs,TRM Labs,111,0,remote-first,design|engineering|marketing|operations|other|product|sales,backed-by-bessemer-ventures,2026-09-10
true-anomaly,True Anomaly,8,0,onsite-leaning,engineering,early-career,2026-09-10
true-link-financial,True Link Financial,2,0,remote-first,design|engineering,backed-by-khosla-ventures,2026-09-10
truemed,Truemed,11,0,hybrid-friendly,design|engineering|marketing|operations|other,a16z-portfolio|fintech|los-angeles|new-this-week|remote,2026-09-10
truffle-security,Truffle Security,1,0,remote-first,sales,a16z-portfolio|remote|remote-first,2026-09-10
trustpilot,Trustpilot,53,0,onsite-leaning,engineering|marketing|operations|other|sales,backed-by-index-ventures,2026-09-10
truveta,Truveta,2,0,onsite-leaning,engineering|research,early-career|seattle,2026-09-10
tsc,TSC,4,0,onsite-leaning,engineering,early-career,2026-09-10
tsmg,TSMG,19,0,remote-first,engineering|other|research,early-career|london|new-this-week|remote|remote-first,2026-09-10
tuesday-labs,Tuesday Labs,1,0,onsite-leaning,other,yc-w24,2026-09-10
turquoise-health,Turquoise Health,13,4,remote-first,engineering|operations|product|sales,a16z-portfolio|backed-by-bessemer-ventures|fintech|founding-roles|new-this-week|remote|remote-first,2026-09-10
twelve-labs,Twelve Labs,16,0,onsite-leaning,engineering|operations|research|sales,backed-by-index-ventures,2026-09-10
twenty,Twenty,30,0,onsite-leaning,engineering|marketing|operations|product|research,backed-by-general-catalyst,2026-09-10
two-six-technologies,Two Six Technologies,1,0,onsite-leaning,engineering,early-career,2026-09-10
typeform,Typeform,12,0,remote-first,engineering|marketing|operations|other,backed-by-index-ventures,2026-09-10
u-s-bank,U.S. Bank,21,1,onsite-leaning,design|engineering|marketing|operations|other|product|sales,early-career,2026-09-10
uare-ai,Uare.ai,2,0,onsite-leaning,engineering|sales,early-career,2026-09-10
udio,Udio,5,0,hybrid-friendly,design|engineering|research|sales,a16z-portfolio|new-york|remote,2026-09-10
ultima-genomics,Ultima Genomics,15,1,onsite-leaning,engineering|operations|other|research,a16z-portfolio|remote,2026-09-10
umb,UMB,1,0,onsite-leaning,other,early-career,2026-09-10
uncountable,Uncountable,4,1,onsite-leaning,engineering|product|sales,early-career|new-york,2026-09-10
unilever,Unilever,6,0,onsite-leaning,marketing|other|sales,early-career,2026-09-10
uniswap,UniSwap,9,0,onsite-leaning,design|engineering|sales,a16z-portfolio|backed-by-paradigm|backed-by-union-square-ventures|crypto-web3|early-career|new-york,2026-09-10
unisys,Unisys,3,0,onsite-leaning,engineering|operations|other,early-career,2026-09-10
united-parcel-service,United Parcel Service,41,0,onsite-leaning,engineering|marketing|operations|other|sales,early-career,2026-09-10
unitedmasters,UnitedMasters,18,0,onsite-leaning,engineering|marketing|operations|other|product|sales,a16z-portfolio|new-this-week|new-york,2026-09-10
university-of-arkansas,University of Arkansas,10,0,onsite-leaning,other|research,early-career,2026-09-10
university-of-british-columbia,University of British Columbia,2,0,onsite-leaning,other,early-career,2026-09-10
university-of-miami,University of Miami,4,0,onsite-leaning,operations|other|research,early-career|miami,2026-09-10
university-of-nevada-reno,"University of Nevada, Reno",4,0,onsite-leaning,marketing|other,early-career,2026-09-10
university-of-pennsylvania,University of Pennsylvania,1,0,onsite-leaning,other,early-career,2026-09-10
university-of-rochester,University of Rochester,5,0,onsite-leaning,other|research,early-career,2026-09-10
university-of-virginia,University of Virginia,20,0,onsite-leaning,marketing|operations|other|research,early-career,2026-09-10
unlimited-industries,Unlimited Industries,4,0,onsite-leaning,engineering|other,a16z-portfolio|energy-climate|new-this-week,2026-09-10
uplane,Uplane,7,0,onsite-leaning,engineering|marketing|sales,yc-f25,2026-09-10
upside,Upside,17,0,onsite-leaning,engineering|marketing|operations|other|product|research|sales,backed-by-bessemer-ventures|backed-by-general-catalyst,2026-09-10
upstart,Upstart,88,0,remote-first,design|engineering|marketing|operations|other|product|research|sales,backed-by-khosla-ventures,2026-09-10
upvest,Upvest,19,0,onsite-leaning,engineering|marketing|operations|other|product|sales,backed-by-bessemer-ventures,2026-09-10
ursa-mining,URSA Mining,1,0,onsite-leaning,engineering,robotics-hardware|speedrun-companies,2026-09-10
usul,Usul,6,0,onsite-leaning,design|engineering|operations|other,yc-s24,2026-09-10
valdera,Valdera,14,0,hybrid-friendly,engineering|operations|other|product|sales,backed-by-index-ventures,2026-09-10
valence,Valence,19,0,hybrid-friendly,design|engineering|marketing|operations|other|product|sales,backed-by-bessemer-ventures,2026-09-10
valeo,Valeo,66,0,onsite-leaning,design|engineering|marketing|operations|other|sales,early-career,2026-09-10
valerie-health,Valerie Health,15,0,onsite-leaning,engineering|marketing|operations|other|sales,backed-by-general-catalyst,2026-09-10
valinor,Valinor,9,0,onsite-leaning,engineering|operations|other,backed-by-general-catalyst,2026-09-10
valon-labs,Valon Labs,25,1,onsite-leaning,design|engineering|operations|other|product|sales,a16z-portfolio|early-career|fintech|new-this-week|new-york|remote,2026-09-10
vals-ai,Vals AI,6,0,onsite-leaning,engineering|product|research|sales,a16z-portfolio|founding-roles|new-this-week,2026-09-10
vanguard,Vanguard,1,0,onsite-leaning,other,early-career,2026-09-10
vannevar-labs,Vannevar Labs,24,0,hybrid-friendly,engineering|operations|other|product,backed-by-general-catalyst,2026-09-10
vanta,Vanta,107,0,hybrid-friendly,design|engineering|marketing|operations|other|product|sales,backed-by-sequoia-capital,2026-09-10
vantage,Vantage,5,2,remote-first,marketing|operations|sales,a16z-portfolio|devtools-infra|remote|remote-first,2026-09-10
vapi,Vapi,35,0,onsite-leaning,design|engineering|marketing|operations|other|product|sales,backed-by-bessemer-ventures|backed-by-kleiner-perkins,2026-09-10
varda-space-industries,Varda Space Industries,89,0,onsite-leaning,design|engineering|operations|other|research,backed-by-general-catalyst|backed-by-khosla-ventures,2026-09-10
variance,Variance,11,0,onsite-leaning,design|engineering|marketing|product|research|sales,yc-w23,2026-09-10
variant-bio,Variant Bio,2,0,hybrid-friendly,engineering|operations,backed-by-general-catalyst,2026-09-10
vectra,Vectra,31,0,onsite-leaning,engineering|marketing|operations|other|research|sales,backed-by-khosla-ventures,2026-09-10
veefriends,VeeFriends,1,0,onsite-leaning,operations,a16z-portfolio|new-york,2026-09-10
veeva-systems,Veeva Systems,36,0,onsite-leaning,operations|other,early-career|new-this-week|remote,2026-09-10
velo3d,Velo3D,37,0,onsite-leaning,engineering|operations|other|sales,backed-by-khosla-ventures,2026-09-10
vendelux,Vendelux,1,0,onsite-leaning,other,early-career|new-york,2026-09-10
verdantas,Verdantas,6,0,onsite-leaning,engineering|other,early-career,2026-09-10
verkada,Verkada,293,0,onsite-leaning,design|engineering|marketing|operations|other|product|sales,backed-by-general-catalyst,2026-09-10
vertice,Vertice,32,0,onsite-leaning,engineering|operations|other|sales,backed-by-bessemer-ventures,2026-09-10
very-good-security,Very Good Security,16,1,hybrid-friendly,engineering|operations|product|sales,a16z-portfolio|new-this-week|remote,2026-09-10
vesta,Vesta,11,0,remote-first,engineering|marketing|operations|other|product|sales,a16z-portfolio|fintech|new-this-week|remote|remote-first,2026-09-10
veterans-united,Veterans United,1,0,onsite-leaning,other,early-career,2026-09-10
viavi-solutions,Viavi Solutions,14,0,onsite-leaning,engineering|other,early-career,2026-09-10
viggle,Viggle,6,0,onsite-leaning,design|marketing|operations,a16z-portfolio|ai-infra|early-career,2026-09-10
vinci4d-ai,Vinci4D.ai,27,0,onsite-leaning,engineering|marketing|product|research|sales,backed-by-khosla-ventures,2026-09-10
viome,Viome,2,0,hybrid-friendly,operations|product,backed-by-khosla-ventures,2026-09-10
viridien,Viridien,4,0,onsite-leaning,engineering|other,early-career,2026-09-10
virtu-financial,Virtu Financial,15,0,onsite-leaning,engineering|other,austin|early-career|london|new-york,2026-09-10
vital-lyfe,Vital Lyfe,11,0,onsite-leaning,engineering|marketing|operations|sales,backed-by-general-catalyst,2026-09-10
vitalize,Vitalize,12,0,onsite-leaning,engineering|marketing|operations|other|product,yc-w23,2026-09-10
vivodyne,Vivodyne,4,0,onsite-leaning,engineering|operations|research,backed-by-khosla-ventures,2026-09-10
viz-ai,Viz.ai,14,0,hybrid-friendly,engineering|marketing|operations|other|product|sales,backed-by-kleiner-perkins,2026-09-10
vizcom,Vizcom,7,0,onsite-leaning,engineering|marketing|operations|research|sales,backed-by-index-ventures,2026-09-10
vizient,Vizient,1,0,onsite-leaning,other,early-career,2026-09-10
volaris-group,Volaris Group,2,0,onsite-leaning,other,early-career,2026-09-10
voldex,Voldex,4,0,remote-first,engineering|other|sales,a16z-portfolio|games-entertainment|remote|remote-first,2026-09-10
voloridge,Voloridge,2,0,onsite-leaning,engineering|research,early-career,2026-09-10
volta-labs,Volta Labs,2,0,onsite-leaning,marketing|research,backed-by-khosla-ventures,2026-09-10
vooma,Vooma,11,0,onsite-leaning,engineering|marketing|operations|other|sales,backed-by-index-ventures,2026-09-10
vori,Vori,11,0,onsite-leaning,engineering|marketing|operations|sales,backed-by-greylock-partners,2026-09-10
vox-media,Vox Media,19,0,onsite-leaning,design|engineering|other|sales,backed-by-khosla-ventures,2026-09-10
waabi,Waabi,82,0,onsite-leaning,design|engineering|operations|other|product|research|sales,backed-by-khosla-ventures,2026-09-10
wallbit,Wallbit,2,0,onsite-leaning,engineering|operations,yc-w23,2026-09-10
walleye-capital,Walleye Capital,2,0,onsite-leaning,engineering|research,boston|early-career,2026-09-10
walmart,Walmart,218,0,onsite-leaning,engineering|operations|other,early-career|hiring-in-volume,2026-09-10
walrus-foundation,Walrus Foundation,2,0,remote-first,design|marketing,a16z-portfolio|crypto-web3|remote|remote-first,2026-09-10
warner-bros,Warner Bros.,13,0,onsite-leaning,engineering|marketing|operations|other,early-career,2026-09-10
wash-u,Wash U,2,0,onsite-leaning,other,early-career,2026-09-10
watershed,Watershed,33,0,onsite-leaning,design|engineering|marketing|operations|other|sales,backed-by-kleiner-perkins|backed-by-sequoia-capital,2026-09-10
wattpad,Wattpad,22,0,hybrid-friendly,design|engineering|marketing|operations|other,backed-by-khosla-ventures,2026-09-10
wave-mobile-money,Wave Mobile Money,64,0,onsite-leaning,design|engineering|marketing|operations|other|research,backed-by-khosla-ventures,2026-09-10
waymark,Waymark,21,0,hybrid-friendly,engineering|marketing|operations|other,a16z-portfolio|early-career|remote,2026-09-10
waymo,Waymo,7,0,onsite-leaning,engineering|operations|research,early-career|new-this-week,2026-09-10
wealthfront,Wealthfront,24,0,hybrid-friendly,design|engineering|marketing|operations|other|sales,backed-by-index-ventures,2026-09-10
weave,Weave,11,0,onsite-leaning,design|engineering|marketing|sales,yc-w25,2026-09-10
weaviate,Weaviate,2,0,remote-first,other|sales,backed-by-index-ventures,2026-09-10
wellington-management,Wellington Management,4,0,onsite-leaning,other,boston|early-career,2026-09-10
welltheory,WellTheory,13,0,remote-first,engineering|marketing|operations|other|sales,backed-by-general-catalyst,2026-09-10
welo-global,Welo Global,9,0,remote-first,other,early-career|remote|remote-first,2026-09-10
welocalize,Welocalize,1,0,onsite-leaning,other,early-career,2026-09-10
weride,WeRide,4,0,onsite-leaning,engineering,early-career,2026-09-10
wetravel,WeTravel,33,0,hybrid-friendly,engineering|marketing|operations|other|product|sales,backed-by-index-ventures,2026-09-10
wheel,Wheel,5,0,remote-first,design|engineering|operations|other,backed-by-lightspeed,2026-09-10
windborne-systems,WindBorne Systems,21,0,onsite-leaning,engineering|operations|research|sales,backed-by-khosla-ventures,2026-09-10
wing-assistant,Wing Assistant,5,0,remote-first,other|sales,early-career|remote|remote-first,2026-09-10
wingspan,Wingspan,3,0,onsite-leaning,engineering|other,a16z-portfolio|new-this-week|new-york,2026-09-10
wintermute,Wintermute,2,0,onsite-leaning,other,early-career|london|new-york,2026-09-10
wirescreen,WireScreen,6,0,hybrid-friendly,engineering|research|sales,backed-by-sequoia-capital,2026-09-10
wiz,Wiz,123,0,hybrid-friendly,design|engineering|marketing|operations|other|product|research|sales,backed-by-index-ventures,2026-09-10
wolters-kluwer,Wolters Kluwer,3,0,onsite-leaning,marketing|operations|other,early-career,2026-09-10
wonderful,Wonderful,132,0,onsite-leaning,design|engineering|marketing|operations|other|product|sales,backed-by-bessemer-ventures|backed-by-index-ventures,2026-09-10
wonderschool,Wonderschool,46,3,onsite-leaning,engineering|marketing|operations|other|product|sales,a16z-portfolio|early-career|new-this-week|remote,2026-09-10
woolpert,Woolpert,5,0,onsite-leaning,design|other,early-career|remote,2026-09-10
wordsmith-ai,Wordsmith AI,19,0,onsite-leaning,design|engineering|operations|other|sales,backed-by-general-catalyst|backed-by-index-ventures,2026-09-10
wordware,Wordware,13,0,onsite-leaning,design|engineering|marketing|other,yc-s24,2026-09-10
workato,Workato,6,0,onsite-leaning,engineering|marketing|operations|other,early-career,2026-09-10
workboard,WorkBoard,2,0,hybrid-friendly,operations|sales,a16z-portfolio|remote,2026-09-10
workos,WorkOS,28,0,hybrid-friendly,design|engineering|operations|other|product|sales,backed-by-lightspeed,2026-09-10
workwhile,WorkWhile,11,0,hybrid-friendly,marketing|operations|other|product|sales,backed-by-khosla-ventures,2026-09-10
wrapbook,Wrapbook,17,1,remote-first,design|engineering|operations|other|product|research|sales,a16z-portfolio|backed-by-bessemer-ventures|enterprise-b2b|new-this-week|remote|remote-first,2026-09-10
xbow,XBOW,4,0,remote-first,engineering|operations,backed-by-sequoia-capital,2026-09-10
xmtp-labs,XMTP Labs,1,0,remote-first,engineering,a16z-portfolio|backed-by-union-square-ventures|crypto-web3|remote|remote-first,2026-09-10
xpeng-motors,XPENG Motors,1,0,onsite-leaning,engineering,early-career,2026-09-10
xsolla,Xsolla,10,0,onsite-leaning,engineering|marketing|operations|other,early-career|los-angeles|remote,2026-09-10
xtx-markets,XTX Markets,1,0,onsite-leaning,research,early-career|new-york,2026-09-10
xylem,Xylem,4,1,onsite-leaning,marketing|other|sales,early-career,2026-09-10
yuno,Yuno,35,0,remote-first,design|engineering|marketing|operations|other|sales,a16z-portfolio|london|remote|remote-first,2026-09-10
zapier,Zapier,6,0,remote-first,engineering|operations|other|sales,backed-by-bessemer-ventures|backed-by-sequoia-capital,2026-09-10
zebra-technologies,Zebra Technologies,13,0,onsite-leaning,engineering|marketing|operations|other|sales,early-career|london,2026-09-10
zefir,Zefir,11,0,hybrid-friendly,design|engineering|marketing|sales,backed-by-sequoia-capital,2026-09-10
zeit-ai,Zeit AI,6,0,onsite-leaning,engineering|marketing|sales,yc-s24,2026-09-10
zerodrift,ZeroDrift,2,0,onsite-leaning,engineering|marketing,devtools-infra|new-york|speedrun-companies,2026-09-10
zettabyte,Zettabyte,3,0,onsite-leaning,engineering|marketing,early-career,2026-09-10
zipline,Zipline,348,3,onsite-leaning,design|engineering|marketing|operations|other|product|sales,a16z-portfolio|austin|early-career|hiring-in-volume|new-this-week|remote,2026-09-10
zocdoc,Zocdoc,52,0,onsite-leaning,design|engineering|marketing|operations|other|product|research|sales,backed-by-khosla-ventures,2026-09-10
zoll-medical-corporation,ZOLL Medical Corporation,4,0,onsite-leaning,engineering|other,early-career|remote,2026-09-10
zuma,Zuma,6,0,hybrid-friendly,design|engineering|operations,a16z-portfolio|remote,2026-09-10
zuru,Zuru,13,0,onsite-leaning,engineering|marketing|operations|other,early-career|new-this-week,2026-09-10
zus-health,Zus Health,6,0,hybrid-friendly,engineering|operations|other,a16z-portfolio|boston|remote,2026-09-10
